timestamp,open,high,low,close,macro_bias,sweep,fvg,mss,session,signal,macro_score
2025-09-01 06:00:00,100.02566276112927,100.07907772112674,99.96652430692072,100.05010917648147,0,0,0,0,0,0,0.0
2025-09-01 06:05:00,99.99859684406825,100.09302051117452,99.95635498505713,100.07010074374308,0,0,0,0,0,0,0.0
2025-09-01 06:10:00,99.91888351786842,99.94325610066942,99.78683718392234,99.97907421648544,0,0,-1,0,0,0,0.0
2025-09-01 06:15:00,100.06773802642658,100.20528624572096,99.96240116478549,100.15900304957549,0,0,0,0,0,0,0.0
2025-09-01 06:20:00,99.91678603040964,99.99102492400745,99.81258629538249,99.91663255840892,0,0,0,0,0,0,0.0
2025-09-01 06:25:00,99.92106358344475,100.0126651993041,99.79117512659906,99.94534093551009,0,0,0,0,0,0,0.0
2025-09-01 06:30:00,99.88999656409561,100.06302775577088,99.69749059416606,99.93091766024915,0,0,0,0,0,0,0.0
2025-09-01 06:35:00,99.89743220426449,100.03808980828806,99.88580124842089,99.90876474005577,0,0,0,0,0,0,0.0
2025-09-01 06:40:00,99.81490567612026,99.88264305126877,99.76444073935535,99.7831301313269,0,0,0,0,0,0,0.0
2025-09-01 06:45:00,99.74482421053166,99.80109540313684,99.68947121389864,99.71822880778448,0,0,-1,0,0,0,0.0
2025-09-01 06:50:00,99.92494833533753,99.99192653487675,99.87898112023284,99.85954366347113,0,0,0,0,0,0,0.0
2025-09-01 06:55:00,99.99665460364307,100.09705053358212,99.95975793354721,100.03038395003585,0,0,1,0,0,0,0.0
2025-09-01 07:00:00,100.04073529638273,100.1165263310127,99.97272141894494,100.03321408245593,0,0,0,0,0,0,0.0
2025-09-01 07:05:00,100.129108073792,100.19329830799185,100.09777222240358,100.07605417374106,0,0,1,0,0,0,0.0
2025-09-01 07:10:00,100.21109936752502,100.34978661755339,100.11769767282352,100.15811978197905,0,0,1,0,0,0,0.0
2025-09-01 07:15:00,100.13056614499688,100.20599774932576,100.04849821213973,100.03373424677426,0,0,0,0,0,0,0.0
2025-09-01 07:20:00,100.20923720062825,100.38122076434975,100.10999605403771,100.28754450792722,0,1,0,1,0,0,0.0
2025-09-01 07:25:00,100.12501113167303,100.20864083422312,100.02470199360751,100.13130054523558,0,0,0,0,0,0,0.0
2025-09-01 07:30:00,100.10107084324461,100.2524835790136,99.99695056910754,100.03204684167875,0,0,0,0,0,0,0.0
2025-09-01 07:35:00,100.07359939549771,100.16789217240614,100.00853575297066,100.13828321546588,0,0,0,0,0,0,0.0
2025-09-01 07:40:00,100.22576266697996,100.34428108990994,100.06091693087461,100.1809267621964,0,0,0,0,0,0,0.0
2025-09-01 07:45:00,100.1744528113872,100.22546836932649,100.08507556672791,100.06193276122622,0,0,0,0,0,0,0.0
2025-09-01 07:50:00,100.19303838703885,100.23888801813536,100.18753777714385,100.27473617017638,0,0,0,0,0,0,0.0
2025-09-01 07:55:00,100.14161985065846,100.24000808885906,100.10171488048911,100.09865209149316,0,0,0,0,0,0,0.0
2025-09-01 08:00:00,100.20195531706011,100.32149744675873,100.19157543662122,100.1692433898434,0,0,0,0,1,0,0.0
2025-09-01 08:05:00,100.21277221508595,100.29438247516596,100.13207882991989,100.21606661671389,0,0,0,0,1,0,0.0
2025-09-01 08:10:00,100.3129841729935,100.34152843959015,100.23785638195562,100.4043913108167,0,0,0,0,1,0,0.0
2025-09-01 08:15:00,100.28830008458667,100.31388974993509,100.22703711250264,100.28990306785597,0,0,0,0,1,0,0.0
2025-09-01 08:20:00,100.28719431722995,100.3101088611425,100.12675727273393,100.19126494713832,0,0,0,0,1,0,0.0
2025-09-01 08:25:00,100.3054071817245,100.31470229720694,100.20344786676142,100.34891734205348,0,0,0,0,1,0,0.0
2025-09-01 08:30:00,100.56517897115963,100.6495583855375,100.45613503670177,100.52637979321868,0,0,1,0,1,0,0.0
2025-09-01 08:35:00,100.5085550378975,100.63355679476581,100.46579797741518,100.65958895561985,0,0,1,0,1,0,0.0
2025-09-01 08:40:00,100.42027063511475,100.49973400363776,100.380236430768,100.42018105735491,0,0,0,0,1,0,0.0
2025-09-01 08:45:00,100.48999472298468,100.50041131327819,100.40852250302079,100.31119188315279,0,0,0,0,1,0,0.0
2025-09-01 08:50:00,100.53550938230057,100.60787896388719,100.44858909671449,100.56409858007302,0,0,0,0,1,0,0.0
2025-09-01 08:55:00,100.61224058337244,100.68572862350713,100.60649304605703,100.76780840675326,0,0,1,0,1,0,0.0
2025-09-01 09:00:00,100.49349491675962,100.65733486676864,100.4207071976736,100.61956853984324,0,0,0,0,1,0,0.0
2025-09-01 09:05:00,100.4929832487974,100.51469773228062,100.41242036548246,100.63945959189793,0,0,-1,0,1,0,0.0
2025-09-01 09:10:00,100.39370697404163,100.45807986993766,100.32231294067248,100.31212615921112,0,0,0,0,1,0,0.0
2025-09-01 09:15:00,100.44210135719844,100.59033546442022,100.3946369736923,100.51507354887659,0,0,0,0,1,0,0.0
2025-09-01 09:20:00,100.54923827122153,100.64723740487538,100.49081967849837,100.49147870804259,0,0,1,0,1,0,0.0
2025-09-01 09:25:00,100.56458161418314,100.6671141371238,100.49165598192606,100.5825247661365,0,0,0,0,1,0,0.0
2025-09-01 09:30:00,100.49431522393023,100.57889860141118,100.41068322298582,100.39247902963105,0,0,0,0,1,0,0.0
2025-09-01 09:35:00,100.50276278078731,100.5959605223336,100.39857111748529,100.4512063195967,0,0,0,0,1,0,0.0
2025-09-01 09:40:00,100.489373258903,100.60047764011414,100.36613901070497,100.4352735231139,0,0,0,0,1,0,0.0
2025-09-01 09:45:00,100.39415863064015,100.44177917788444,100.32593253958125,100.46604305305156,0,0,0,0,1,0,0.0
2025-09-01 09:50:00,100.56321861430273,100.67834095745906,100.50146486214734,100.6272761440363,0,0,0,0,1,0,0.0
2025-09-01 09:55:00,100.54159332532832,100.5666732046529,100.44408709838694,100.56373890367479,0,0,1,0,1,0,0.0
2025-09-01 10:00:00,100.56079131884309,100.65392603775635,100.45635752218665,100.45275760539866,0,0,0,0,1,0,0.0
2025-09-01 10:05:00,100.7026388579459,100.78978849647736,100.64000687527626,100.67770770322993,0,0,1,0,0,0,0.0
2025-09-01 10:10:00,100.72046986605723,100.77581814252954,100.60885412697858,100.66078054742181,0,0,0,0,0,0,0.0
2025-09-01 10:15:00,100.75126040289155,100.83035299187853,100.6320769892453,100.8208344634271,0,0,0,0,0,0,0.0
2025-09-01 10:20:00,100.53612329842335,100.59122169231672,100.404455839797,100.63037808664872,0,0,-1,0,0,0,0.0
2025-09-01 10:25:00,100.54437307178807,100.5815050187136,100.39324023551929,100.62888391867054,0,0,-1,0,0,0,0.0
2025-09-01 10:30:00,100.41556099390961,100.48141640424507,100.37021763945599,100.35514344035624,0,0,0,0,0,0,0.0
2025-09-01 10:35:00,100.34611247893021,100.38195293351534,100.26555655055691,100.12694982914705,0,0,-1,0,0,0,0.0
2025-09-01 10:40:00,100.23847666448644,100.33138856305017,100.1580255566217,100.09711971263604,0,0,-1,-1,0,0,0.0
2025-09-01 10:45:00,100.44701762578383,100.48101420601773,100.37094056852513,100.56074778403041,0,0,0,0,0,0,0.0
2025-09-01 10:50:00,100.32800233273885,100.43648141365848,100.27397284952325,100.29590193759326,0,0,0,0,0,0,0.0
2025-09-01 10:55:00,100.3409936269323,100.37373446421515,100.32041610706155,100.28093565747109,1,0,0,0,0,0,0.301899768097281
2025-09-01 11:00:00,100.21955514483322,100.27690334820998,100.13584796699206,100.35096796830813,1,0,0,0,0,0,0.2173634983954703
2025-09-01 11:05:00,100.16891936689119,100.22393523056257,100.1196535932731,100.27013216253026,0,0,-1,0,0,0,0.007770445585242952
2025-09-01 11:10:00,100.26338536956223,100.39639123871723,100.17994563033233,100.26534126731582,1,0,0,0,0,0,0.2929600063344444
2025-09-01 11:15:00,100.26125626286843,100.35446786069309,100.21301800453638,100.23778401558332,1,0,0,0,0,0,0.23714161659956703
2025-09-01 11:20:00,100.27278930428471,100.34431995218294,100.23677563811849,100.26222120725967,1,0,0,0,0,0,0.5255834392907526
2025-09-01 11:25:00,100.34871509366475,100.44866387130755,100.25934315924968,100.36688811753575,1,0,0,0,0,0,0.5302798008300263
2025-09-01 11:30:00,100.28855499364919,100.29284268754238,100.20251813257693,100.41655877615476,0,0,0,0,0,0,-0.05732228352998944
2025-09-01 11:35:00,100.21516322161864,100.293437878033,100.1119919427658,100.24896061555762,0,0,0,0,0,0,-0.003989891462976625
2025-09-01 11:40:00,100.24248412550043,100.40238469261261,100.07504957484372,100.30056644814356,1,0,0,0,0,0,0.2525288829077611
2025-09-01 11:45:00,100.25576054330111,100.34105440355721,100.16466896205267,100.34930215202672,1,0,0,0,0,0,0.5707209899530221
2025-09-01 11:50:00,100.0846557090803,100.16737223584707,99.98525243839772,99.99108162899834,-1,0,0,0,0,0,-0.3040853955551384
2025-09-01 11:55:00,99.93274815920337,100.03467329438905,99.89585061235806,99.9931371106013,0,0,-1,0,0,0,0.09378748952444302
2025-09-01 12:00:00,99.91596449511523,100.03178870484781,99.88744079273668,99.89239899474231,1,0,0,0,0,0,0.3052619166657427
2025-09-01 12:05:00,99.94725556829397,99.94735690057837,99.80394239042303,99.74596795263214,1,0,0,0,0,0,0.3691671035490136
2025-09-01 12:10:00,99.84069470623442,99.85340164696278,99.79763389743175,99.67044114287555,-1,0,-1,0,0,0,-0.29110103659294967
2025-09-01 12:15:00,99.98159459573938,100.07000624738282,99.94335235859813,99.90014518681788,1,0,0,0,0,0,0.3600642820177299
2025-09-01 12:20:00,99.98402507574481,100.03543001326891,99.90558903259347,100.02652293403222,1,0,1,0,0,0,0.497921471475986
2025-09-01 12:25:00,99.9929074232994,100.1253884337882,99.9165151198345,100.00201138852663,1,0,0,0,0,0,0.35750209222839413
2025-09-01 12:30:00,100.04429308767358,100.11168611207817,100.00039334793131,100.05904242424764,1,0,0,0,0,0,0.7124190018029063
2025-09-01 12:35:00,99.95517805304269,99.95779682361416,99.8873769817912,100.11125353165762,1,0,0,0,0,0,0.23084083026426094
2025-09-01 12:40:00,99.94851756386839,99.97779700719464,99.81934253516239,99.84699039467961,1,0,-1,0,0,0,0.15806693753806542
2025-09-01 12:45:00,99.86296869478066,99.89295573556589,99.81520843913394,99.86077402644597,1,0,0,0,0,0,0.26577399642256194
2025-09-01 12:50:00,99.89139178709048,99.96202676559916,99.86713868646513,99.91574662891558,0,0,0,0,0,0,-0.017695351269225
2025-09-01 12:55:00,99.84902031371631,99.92148494862573,99.73131656888032,99.79011846439325,1,0,0,0,0,0,0.6809382518219735
2025-09-01 13:00:00,99.7696790346584,99.83270052626712,99.66998715818087,99.77194517426503,-1,0,-1,0,0,0,-0.3008862846333119
2025-09-01 13:05:00,99.80463459560606,99.92778975716725,99.74945534043201,99.67663864887932,1,0,0,0,0,0,0.2866579450712645
2025-09-01 13:10:00,99.69250760897526,99.82044840243593,99.67579428962034,99.80530010635727,-1,0,0,0,0,0,-0.3179019259752052
2025-09-01 13:15:00,99.6353894290372,99.70857389210296,99.58517436329474,99.58086026483477,1,0,-1,0,0,0,0.40542610923256384
2025-09-01 13:20:00,99.72776554491621,99.73315329161528,99.64995372239018,99.89027755809849,-1,0,0,0,0,0,-0.3949470839619056
2025-09-01 13:25:00,99.79810262394399,99.90279388716368,99.67147574034864,99.7955046780306,-1,0,0,0,0,0,-0.18375463424977556
2025-09-01 13:30:00,99.84336618452188,99.94558059366223,99.80482946351667,99.92561046975382,1,0,1,0,0,0,0.6134445039087204
2025-09-01 13:35:00,99.81524241441609,99.90761807722237,99.73862320967655,99.8109781848968,1,0,0,0,0,0,0.37098195422862573
2025-09-01 13:40:00,99.81578998424145,99.93504917421377,99.70878419784565,99.8133304776606,1,0,0,0,0,0,0.2807059234923204
2025-09-01 13:45:00,99.77213394478566,99.80554082092722,99.75688325118078,99.7254115981279,-1,0,0,0,0,0,-0.844149457278203
2025-09-01 13:50:00,99.60016651716452,99.76051673261193,99.47881507044697,99.60969643151383,1,0,0,0,0,0,1.0751428755117285
2025-09-01 13:55:00,99.50620800499394,99.54783089486826,99.4735060278822,99.53164790054706,-1,0,-1,0,0,0,-0.7667923601983626
2025-09-01 14:00:00,99.3428375377617,99.45280645484974,99.24955771802342,99.28009685704848,1,0,-1,0,0,0,0.6771069517272056
2025-09-01 14:05:00,99.28077187797429,99.29327797019775,99.19090455198986,99.2707683247055,1,-1,-1,0,0,0,0.35253020866410073
2025-09-01 14:10:00,99.32832615038924,99.37111556289844,99.20494269473069,99.27951824110468,1,0,0,0,0,0,0.8883675699273059
2025-09-01 14:15:00,99.17401932892513,99.31467407479414,99.07198235368938,99.35799245449431,1,0,0,0,0,0,1.1996008879075155
2025-09-01 14:20:00,99.17671717975794,99.2462811868379,99.16162556008875,99.16953871816501,1,0,0,0,0,0,0.19715646800218534
2025-09-01 14:25:00,99.41090670021188,99.52450360441719,99.36229787009812,99.53452527234761,1,0,1,0,0,0,0.2059915699405554
2025-09-01 14:30:00,99.25429148664333,99.34376970219209,99.1687632814692,99.2386417001787,0,0,0,0,1,0,-0.11921510244966198
2025-09-01 14:35:00,99.28998177349604,99.36578344725604,99.21778096894083,99.31072478481883,-1,0,0,0,1,0,-0.5062312494635328
2025-09-01 14:40:00,99.21966484612302,99.35421885912034,99.12056041693275,99.1139557203914,1,0,0,0,1,0,0.36325152462254995
2025-09-01 14:45:00,99.3045817980145,99.37511544502841,99.19300713578771,99.26881599066506,1,0,0,0,1,0,0.8021755732591389
2025-09-01 14:50:00,99.2211614937422,99.22993196943966,99.11682342428502,99.23800426740534,-1,0,0,0,1,0,-0.26786284564927854
2025-09-01 14:55:00,99.19187031093063,99.23974070725255,99.1204413086328,99.31875061740742,0,0,0,0,1,0,-0.08184277373229518
2025-09-01 15:00:00,99.35504359854494,99.457091267693,99.34889707898975,99.37280222075904,-1,0,1,0,1,0,-0.8496816286301364
2025-09-01 15:05:00,99.00099218986198,99.09681255411648,98.93921143981616,99.11168981875741,1,0,-1,0,1,0,0.5805922634084266
2025-09-01 15:10:00,99.21134840462713,99.22866607461772,99.11469367870157,99.26260673344336,-1,0,-1,0,1,0,-0.28954755337940197
2025-09-01 15:15:00,99.30727916653973,99.35830546576341,99.27089705664174,99.4374712736969,-1,0,1,0,1,0,-0.1446738290561057
2025-09-01 15:20:00,99.12765360277648,99.18438474880838,99.02240261357161,99.12293022539207,1,0,0,0,1,0,0.480738629036233
2025-09-01 15:25:00,99.03502613696334,99.10040735319878,98.91869040507265,99.22624395381548,1,0,-1,0,1,0,0.25331946578749504
2025-09-01 15:30:00,99.03845357836265,99.06341703481858,98.95337889931082,98.99962188212952,1,0,0,0,1,0,0.16946248436401093
2025-09-01 15:35:00,98.9935486481863,99.04841380386152,98.95099745353382,98.93223170145049,1,0,0,0,1,0,0.18348731197750268
2025-09-01 15:40:00,99.06054425473367,99.11139983532328,99.03166778924215,98.96374002675854,-1,0,0,0,1,0,-0.2578156746338427
2025-09-01 15:45:00,99.16590523495485,99.27676656534533,99.0104576686126,99.35238720867949,1,0,0,0,1,0,0.5561551900638965
2025-09-01 15:50:00,99.36218864201061,99.47455349445022,99.30405015373174,99.42774444782005,0,1,1,1,1,0,-0.11762677167783893
2025-09-01 15:55:00,99.24527637344269,99.31944395511914,99.24464210236785,99.21854671477227,0,0,0,0,1,0,-0.04591547654803485
2025-09-01 16:00:00,99.27070220246269,99.33502061062785,99.14129230693028,99.37062401821257,0,0,0,0,1,0,0.009634898691862182
2025-09-01 16:05:00,99.21087397980614,99.2964709522877,99.1303397561444,99.26588935461557,-1,0,0,0,1,0,-0.27290204143551067
2025-09-01 16:10:00,99.33444736782468,99.38178436352646,99.21024974826638,99.49173756553473,-1,0,0,0,1,0,-0.41909443018088444
2025-09-01 16:15:00,99.39359116070993,99.42771787742323,99.30251281370116,99.26976453409074,1,0,1,0,1,0,0.5152329414595005
2025-09-01 16:20:00,99.50375834783429,99.54614949947727,99.4054159823858,99.48252953916915,1,0,1,0,1,0,0.47936027269355136
2025-09-01 16:25:00,99.56642581149629,99.62103328493743,99.47190544158771,99.52942410078086,-1,0,1,0,1,0,-0.5218747829691993
2025-09-01 16:30:00,99.86846393134525,99.90192497935355,99.76056439886841,99.71056931723255,0,0,1,0,1,0,0.03072471940959881
2025-09-01 16:35:00,99.64798610083871,99.73446848320123,99.47688888289646,99.73281227722109,-1,0,0,0,1,0,-0.694053277260725
2025-09-01 16:40:00,99.52055771711987,99.62974634407122,99.4017174636815,99.4989259926556,0,0,-1,0,1,0,-0.03353211980760562
2025-09-01 16:45:00,99.52584512904212,99.5423611970102,99.50905870175595,99.58501562544105,-1,0,0,0,1,0,-0.4732763508700338
2025-09-01 16:50:00,99.43407328335236,99.515078431801,99.3362068227412,99.62285503809873,-1,0,0,0,1,0,-0.24517364656016497
2025-09-01 16:55:00,99.30334041576475,99.3745429839541,99.17768118504063,99.27508092041855,-1,0,-1,0,1,0,-0.9573091569092745
2025-09-01 17:00:00,99.4496490487486,99.54330939617007,99.32154101648715,99.41595681013602,-1,0,0,0,1,0,-0.22047098267781987
2025-09-01 17:05:00,99.39593589296894,99.4754183422448,99.3330000922913,99.40542902654686,1,0,0,0,0,0,0.4924587427691305
2025-09-01 17:10:00,99.27308958313849,99.29494561194122,99.14649180533097,99.35206937137715,-1,0,-1,0,0,0,-1.1265733964597544
2025-09-01 17:15:00,99.16960424705358,99.1991086750993,99.05249455107153,99.12426720502877,-1,0,-1,0,0,0,-1.1600125605843497
2025-09-01 17:20:00,99.22779887258979,99.30897581561318,99.044898175111,99.17732194481921,-1,-1,0,-1,0,0,-0.9987507365363522
2025-09-01 17:25:00,99.32612580610574,99.44727704289555,99.27612587555568,99.41070094772505,0,0,1,0,0,0,-0.04704734347605291
2025-09-01 17:30:00,99.41715143750747,99.42571893234918,99.35744746056349,99.44744258341451,-1,0,1,0,0,0,-0.4046935420786615
2025-09-01 17:35:00,99.84749192183557,99.94132098502763,99.77973668377396,99.68391366079518,0,0,1,0,0,0,0.0020486212097495238
2025-09-01 17:40:00,99.81458446752012,99.94216934773162,99.75419335352167,99.71655312356259,-1,0,1,1,0,0,-0.3644437569718588
2025-09-01 17:45:00,99.69997961395856,99.7738585789103,99.6555804439491,99.82007848306473,-1,0,-1,0,0,0,-0.721172971394052
2025-09-01 17:50:00,99.56259382466592,99.66460192450698,99.53208680443898,99.59474808731223,-1,0,-1,0,0,0,-0.7028174356890013
2025-09-01 17:55:00,99.60235231975062,99.65422955651471,99.53974029869954,99.54137664526765,0,0,-1,0,0,0,0.03440511364648624
2025-09-01 18:00:00,99.48727875279701,99.56250410482593,99.39250443040902,99.47364598021821,-1,0,0,0,0,0,-0.3739447665842856
2025-09-01 18:05:00,99.52627798971047,99.54144144897813,99.46600686353071,99.5273369235346,-1,0,0,0,0,0,-0.3965591207610696
2025-09-01 18:10:00,99.35991734031039,99.37369107264715,99.20250209296923,99.4187760091328,-1,0,-1,0,0,0,-1.4021232182343073
2025-09-01 18:15:00,99.39530087840461,99.51301151045362,99.31476584589598,99.28663980681591,-1,0,0,0,0,0,-0.2502840339111351
2025-09-01 18:20:00,99.49488768816983,99.53548789106085,99.36324652596247,99.42761175707619,-1,0,0,0,0,0,-0.75593136858729
2025-09-01 18:25:00,99.53857126240356,99.60035014860343,99.44811444589436,99.56040772279263,-1,0,0,0,0,0,-0.5252145469053171
2025-09-01 18:30:00,99.53922087347884,99.56376318334803,99.42616458108311,99.53123410703921,-1,0,0,0,0,0,-0.18781772541453118
2025-09-01 18:35:00,99.37073363520776,99.3943348470844,99.27956397305041,99.4164823698187,-1,0,-1,0,0,0,-0.7567819441518949
2025-09-01 18:40:00,99.28846720767314,99.36151369966935,99.15371582239699,99.19010661588437,-1,0,-1,0,0,0,-0.6546112117296361
2025-09-01 18:45:00,99.20454644073467,99.25536335296925,99.12230886672938,99.23311673483639,-1,0,-1,0,0,0,-0.44903997441122534
2025-09-01 18:50:00,99.09838186602106,99.19350070594085,98.9985370376975,99.18570855557125,-1,0,0,-1,0,0,-0.5040971831573633
2025-09-01 18:55:00,99.26799913406339,99.36610067082258,99.17334581671739,99.30694461783533,0,0,0,0,0,0,0.06997782400189617
2025-09-01 19:00:00,99.37370271819559,99.46653670404858,99.30523413652068,99.38483165737651,1,0,1,0,0,0,0.2675248455462814
2025-09-01 19:05:00,99.4561255276111,99.54566955924824,99.35992623485411,99.44845483940583,-1,0,0,0,0,0,-0.6898016947327144
2025-09-01 19:10:00,99.4058882161926,99.54899894438987,99.23651276634469,99.33910012397088,-1,0,0,0,0,0,-1.1467923655570882
2025-09-01 19:15:00,99.28423123943712,99.32152748867533,99.21504711712093,99.27847135204193,-1,0,-1,0,0,0,-0.13813227320453667
2025-09-01 19:20:00,99.19273188369004,99.27053448904192,99.09595328797592,99.29350835192048,1,0,0,0,0,0,0.265879701952577
2025-09-01 19:25:00,99.14793972720196,99.27324732002275,99.01762856916719,99.13841744667396,-1,0,0,0,0,0,-0.9339622966803858
2025-09-01 19:30:00,99.2487887086636,99.37937030103711,99.12317857742582,99.17760438951572,-1,0,0,0,0,0,-0.6914605306782247
2025-09-01 19:35:00,99.15388511487653,99.17701456890275,99.07341645816776,99.11450534777529,1,0,0,0,0,0,0.18920890973401394
2025-09-01 19:40:00,99.23131022607411,99.29881600840788,99.21597467795581,99.24737824985618,-1,0,0,0,0,0,-0.19759475012460226
2025-09-01 19:45:00,99.19916719853883,99.33349204237352,99.0984990857929,99.16928607876436,-1,0,0,0,0,0,-0.4657650572900087
2025-09-01 19:50:00,99.32858768998794,99.4289108541959,99.31980871964302,99.36741195263299,1,0,1,1,0,0,0.5765876700216735
2025-09-01 19:55:00,99.27118580472465,99.35899632598384,99.132388315487,99.31301330558458,-1,0,0,0,0,0,-0.7236691109906461
2025-09-01 20:00:00,99.1394102678595,99.21070288012211,99.05263131301177,99.21052892229187,-1,0,-1,0,0,0,-0.6765381301217599
2025-09-01 20:05:00,99.16214916633905,99.22679712931074,99.04216220554417,99.27603392412026,-1,0,0,0,0,0,-0.3094899589532634
2025-09-01 20:10:00,99.12670745882296,99.21823622134657,99.0827919043502,99.20637615677275,0,0,0,0,0,0,0.018009758889257765
2025-09-01 20:15:00,99.17116591386348,99.24107094886409,99.15326621279547,99.09642678873163,-1,0,0,0,0,0,-0.5378617519988267
2025-09-01 20:20:00,99.11885525393157,99.1971521090898,99.02842507856593,99.04657249820546,-1,0,0,0,0,0,-0.17878989926149763
2025-09-01 20:25:00,99.0040379196771,99.0871818679217,98.92538205727534,98.99797620156032,-1,0,-1,0,0,0,-0.5875558075933629
2025-09-01 20:30:00,98.84383676705464,98.8967139059149,98.78349840010092,98.80774273847548,1,0,-1,0,0,0,0.2600140784685122
2025-09-01 20:35:00,98.91401398512795,99.0152991600832,98.83062753389864,98.82294784697108,-1,0,0,0,0,0,-0.2017668383776035
2025-09-01 20:40:00,98.97031614774738,99.166885933684,98.7796187120661,98.93498080421354,-1,-1,0,-1,0,0,-0.5586285170672995
2025-09-01 20:45:00,98.96150007321982,98.97042060764679,98.84811905132506,98.92353903853031,1,0,0,0,0,0,0.32247887018079685
2025-09-01 20:50:00,99.00107722954125,99.09403773050884,98.87909728530671,98.94732941036035,-1,0,0,0,0,0,-0.28748340950215073
2025-09-01 20:55:00,98.91323972320902,98.96283211966426,98.79948224754688,98.88797656431662,1,0,0,0,0,0,0.1697450241973752
2025-09-01 21:00:00,99.12437992890278,99.22747603200355,98.9852014431487,99.21865599692825,-1,0,0,0,0,0,-0.4166072429238231
2025-09-01 21:05:00,99.11624540398597,99.19810770291909,99.043848270902,99.13218444728591,-1,0,1,0,0,0,-0.5714208935535491
2025-09-01 21:10:00,99.04699105244019,99.15746524340189,99.04480060013319,99.24473577852463,-1,0,0,0,0,0,-1.2483688099434302
2025-09-01 21:15:00,99.22884106020659,99.35586132326694,99.15638450552683,99.24248171508816,0,0,0,0,0,0,0.0005974318566743797
2025-09-01 21:20:00,99.14576756576656,99.23346441047728,99.0332981373667,99.12256230385158,-1,0,0,0,0,0,-0.5853992640792791
2025-09-01 21:25:00,99.41822571392619,99.54350780546275,99.3770177297308,99.41855634453859,-1,0,1,1,0,0,-0.6066062859752163
2025-09-01 21:30:00,99.30724406920046,99.32101598495201,99.23429870722003,99.32776342747594,-1,0,1,0,0,0,-0.7306434243560537
2025-09-01 21:35:00,99.11746471267028,99.26108280458692,99.06513550239038,99.15228502924397,-1,0,-1,0,0,0,-1.0798814494638775
2025-09-01 21:40:00,99.03354834440277,99.12855083047847,98.89346717432905,99.19968525047149,-1,0,-1,-1,0,0,-0.547847606614656
2025-09-01 21:45:00,99.12723131195717,99.25034504618698,99.01725303134091,99.05960567475897,-1,0,0,0,0,0,-0.5163040209689579
2025-09-01 21:50:00,99.30210518712924,99.33331015733559,99.19604356230349,99.37082887178346,1,0,1,0,0,0,0.2929378800348368
2025-09-01 21:55:00,99.32829768315925,99.37506688789503,99.2234336306344,99.34491773096838,-1,0,0,0,0,0,-1.1520058426619473
2025-09-01 22:00:00,99.28507001713557,99.37090754890136,99.20655998723765,99.15938219772991,-1,0,0,0,0,0,-0.5437557600889521
2025-09-01 22:05:00,99.35998453178497,99.43930301621148,99.27208228048387,99.42164043435255,-1,0,0,0,0,0,-0.21834098211393183
2025-09-01 22:10:00,99.31794405280371,99.4092667963241,99.28535143602501,99.41935393766802,-1,0,0,0,0,0,-0.8066798730374034
2025-09-01 22:15:00,99.22572227359075,99.34910288002794,99.21826459444073,99.15714816128855,-1,0,0,0,0,0,-0.604663423808847
2025-09-01 22:20:00,99.2933317229435,99.3027229103314,99.2073284777297,99.29261701351214,-1,0,0,0,0,0,-0.5152792518017901
2025-09-01 22:25:00,99.19848444875049,99.31743721161918,99.1055248384996,99.06045610778988,-1,0,0,0,0,0,-1.0830067506556609
2025-09-01 22:30:00,99.23027887046881,99.31061014686712,99.10190828773179,99.12957435369407,0,0,0,0,0,0,0.08618485220487049
2025-09-01 22:35:00,99.0430030747213,99.11485180027631,98.900149642078,99.12684544093068,-1,0,0,0,0,0,-0.43128868532174786
2025-09-01 22:40:00,99.14688295047986,99.16803834110446,99.0040830110799,99.10956962999927,0,0,0,0,0,0,0.03201709822218629
2025-09-01 22:45:00,99.25287405335203,99.3529960000871,99.21279499708379,99.16416981535698,-1,0,1,0,0,0,-0.657043062990819
2025-09-01 22:50:00,99.30468204763379,99.32124636167504,99.23877264903179,99.32303887679046,-1,0,1,0,0,0,-0.4274227140782989
2025-09-01 22:55:00,99.32873825244128,99.43467401289084,99.22952488060602,99.2869452579268,-1,0,0,0,0,0,-1.1444337321232592
2025-09-01 23:00:00,99.13895577488755,99.15927154146863,98.95767958777786,99.1012900422655,-1,0,-1,0,0,0,-1.1393546776779424
2025-09-01 23:05:00,99.23225864347877,99.31439695998347,99.09305467533022,99.29140472553277,-1,0,0,0,0,0,-0.5364142578843545
2025-09-01 23:10:00,99.04189852346897,99.11713176997586,98.91712263698903,98.94895985475422,1,0,0,0,0,0,0.46479524798301175
2025-09-01 23:15:00,98.94655949365698,99.07334101954874,98.88207101187895,98.87413027664243,1,0,-1,0,0,0,0.41028391809625075
2025-09-01 23:20:00,98.8246241127169,98.89747790595635,98.7799520979631,98.83695051208882,-1,0,-1,0,0,0,-1.060759056898781
2025-09-01 23:25:00,98.8056150995087,98.85784955706288,98.69405878417336,98.88316788276856,1,0,-1,0,0,0,0.3307287346022424
2025-09-01 23:30:00,98.89354872220987,98.95328461437103,98.85757517277925,98.99260154632906,-1,0,0,0,0,0,-1.1695447133780832
2025-09-01 23:35:00,98.78367748963363,98.91459280038382,98.71321494367284,98.7304725520047,-1,0,0,0,0,0,-0.5225147726766799
2025-09-01 23:40:00,98.82406515947056,98.9255170382378,98.74865627743064,98.89905531682413,1,0,0,0,0,0,0.27400162643481296
2025-09-01 23:45:00,98.80204650843918,98.86662130917824,98.65833002487426,98.73931512496155,0,-1,0,0,0,0,0.029695146692456653
2025-09-01 23:50:00,98.70549678940966,98.77603893261109,98.63968468152805,98.8515935371622,-1,0,0,0,0,0,-0.4864504578977604
2025-09-01 23:55:00,98.82367897752128,98.84099189389786,98.80610899197838,98.7329772954877,1,0,0,0,0,0,0.3335147002082709
2025-09-02 00:00:00,98.79517304897611,98.89071201701017,98.69499526306961,98.90145135383945,0,0,0,0,0,0,-0.08090599975591653
2025-09-02 00:05:00,98.9875454509772,98.99715282266938,98.93550632510136,98.9350265624317,-1,0,1,0,0,0,-0.5672078094713636
2025-09-02 00:10:00,99.02975143083523,99.13982328946865,98.94804618985772,99.1908111472188,-1,0,1,0,0,0,-0.28169446580199575
2025-09-02 00:15:00,98.9634372266177,99.04858209031735,98.88690541465138,99.0107428849259,1,0,0,0,0,0,0.8292005284133447
2025-09-02 00:20:00,98.91605812959197,99.09153620157493,98.84700628942468,98.83477680723932,-1,0,0,0,0,0,-0.5561500899000564
2025-09-02 00:25:00,98.98247914980092,99.01847372765195,98.87086552652954,98.94070007143752,0,0,0,0,0,0,-0.10754363178148099
2025-09-02 00:30:00,98.98947147646007,99.06536499281844,98.97078607159418,99.05196597287797,1,0,0,0,0,0,0.5598050217984347
2025-09-02 00:35:00,98.92628516681286,99.07821667484978,98.86696573581104,99.01049672022211,-1,0,0,0,0,0,-0.5228682207134676
2025-09-02 00:40:00,98.90019460820656,99.02785019381822,98.79283309168187,98.89453736086861,-1,0,0,0,0,0,-0.24022197083819116
2025-09-02 00:45:00,98.90177607757752,98.95392759551433,98.8463394685913,98.9053487400546,-1,0,0,0,0,0,-0.4083926427395975
2025-09-02 00:50:00,99.19968539584957,99.28864409298451,99.18403766422037,99.2603536384611,1,0,1,0,0,0,0.480566972137081
2025-09-02 00:55:00,99.23617459526986,99.31625456952646,99.12943238153959,99.24671846943072,1,1,1,0,0,0,0.15866937597030384
2025-09-02 01:00:00,99.32915903934783,99.42043727404359,99.20423525413017,99.22567865060076,0,0,0,1,0,0,-0.0723214903487801
2025-09-02 01:05:00,99.11196407481343,99.16401685737404,99.03376388311915,99.04692615284222,0,0,0,0,0,0,0.1142069273992517
2025-09-02 01:10:00,99.07541314247294,99.1518403263649,99.07384696641172,99.09422273792508,-1,0,-1,0,0,0,-0.19543968332249362
2025-09-02 01:15:00,99.1390501042858,99.15512800927473,99.03081131441785,99.23628869760562,-1,0,0,0,0,0,-0.291961668462369
2025-09-02 01:20:00,99.18620663852514,99.27161157659985,99.17260215378192,99.3154852324581,-1,0,1,0,0,0,-0.2524126084284871
2025-09-02 01:25:00,99.23942469971522,99.33742552665208,99.14707272864129,99.30178705337693,-1,0,0,0,0,0,-0.7186670409751478
2025-09-02 01:30:00,99.20394565266193,99.27484887615617,99.15944420565161,99.22692891354484,-1,0,0,0,0,0,-1.5805487423074578
2025-09-02 01:35:00,99.25781756557443,99.27321552995103,99.2242111370051,99.31772267645303,1,0,0,0,0,0,0.3008429648774429
2025-09-02 01:40:00,98.96571426480524,99.0852555393193,98.90339066548843,98.91237419678869,-1,0,-1,0,0,0,-1.664491129801599
2025-09-02 01:45:00,99.10130690418349,99.1958879057032,99.02863880644058,99.08904842736283,-1,0,-1,0,0,0,-0.25081896763238387
2025-09-02 01:50:00,98.89845008013484,98.94940947622679,98.84421841015029,98.83251962242768,-1,0,0,0,0,0,-0.37021688498070704
2025-09-02 01:55:00,98.88170252980822,98.9504785119347,98.77815439867962,98.78180312095161,0,0,-1,0,0,0,0.09368192362785621
2025-09-02 02:00:00,98.87018577097751,98.89015899486624,98.80802854611586,98.8968696919084,-1,0,0,0,0,0,-0.26869200401715687
2025-09-02 02:05:00,98.80218014864222,98.84116374353111,98.68297251377535,98.817021213169,-1,0,0,0,0,0,-0.4890873056495847
2025-09-02 02:10:00,98.58539415307825,98.64388169922397,98.49414722645251,98.64040635183898,1,0,-1,0,0,0,0.6187773817458233
2025-09-02 02:15:00,98.49887522483988,98.62801205733109,98.44677751310373,98.54256417131127,0,0,-1,0,0,0,0.09893890077180706
2025-09-02 02:20:00,98.73091715991151,98.78533702427602,98.6855547552648,98.75032870161742,-1,0,1,0,0,0,-0.28983658635960285
2025-09-02 02:25:00,98.55094400322072,98.65655254959387,98.53684385518262,98.59547333647492,-1,0,0,0,0,0,-0.7096900279299613
2025-09-02 02:30:00,98.51170898221956,98.5701763341051,98.42007965510489,98.50829433452137,-1,-1,-1,-1,0,0,-0.5094532280702283
2025-09-02 02:35:00,98.68581157924746,98.77572948168154,98.61999508113752,98.71884289086525,1,0,0,0,0,0,0.9660268930689162
2025-09-02 02:40:00,99.07406573739677,99.14840991731101,99.05917791627422,99.01597418518186,-1,0,1,0,0,0,-0.2810165727746669
2025-09-02 02:45:00,98.92649279829753,99.04141506230124,98.8679213932083,98.95606927234866,1,0,1,0,0,0,0.4878914527820735
2025-09-02 02:50:00,98.88748093363932,98.94608848011057,98.84352229480952,98.9409543484622,1,0,-1,0,0,0,0.8248812806041955
2025-09-02 02:55:00,98.94372537644418,98.96082424644408,98.80069827275734,98.8901508621984,-1,0,0,0,0,0,-0.39758152527231283
2025-09-02 03:00:00,99.14585687879077,99.17057891753622,99.1339680232665,99.1500034467102,1,0,1,1,0,0,0.20019410471017113
2025-09-02 03:05:00,99.07915549209896,99.13788039234126,99.05680952408832,99.02926729132861,-1,0,1,0,0,0,-0.14600588424791974
2025-09-02 03:10:00,98.98557046332972,99.0156080645026,98.8611716776055,98.94344992760843,1,0,-1,0,0,0,0.5270827238248759
2025-09-02 03:15:00,99.07241654514206,99.16882502576924,98.9381460188435,98.98242219673389,-1,0,0,0,0,0,-0.35127851242615626
2025-09-02 03:20:00,99.23381880595035,99.29518807935602,99.18361812349937,99.33508079996368,-1,0,1,0,0,0,-0.7136900044153969
2025-09-02 03:25:00,99.1303417534084,99.30532601540946,99.07562518632076,99.215596567386,-1,1,0,0,0,0,-0.14295944237920422
2025-09-02 03:30:00,99.07607314656384,99.08656456275835,98.97142373070172,99.11906785490203,-1,0,-1,0,0,0,-0.231381678887853
2025-09-02 03:35:00,99.04027917946718,99.12842450661557,99.02719518758937,99.19805485562269,1,0,0,0,0,0,0.13994744577360763
2025-09-02 03:40:00,99.0254026461447,99.06028452520447,99.01985039352492,99.01026299041922,1,0,0,0,0,0,0.1476920542310876
2025-09-02 03:45:00,98.90630085609085,98.96656480247555,98.83753019212487,99.1488418492997,-1,0,-1,0,0,0,-0.42949124251714454
2025-09-02 03:50:00,99.02402722877613,99.10968400770976,98.88203160613097,99.00582487554708,0,0,0,0,0,0,-0.009967851171336084
2025-09-02 03:55:00,98.99953956945295,99.01255442444793,98.93696877297963,99.01995503759343,-1,0,0,0,0,0,-0.8930361584634805
2025-09-02 04:00:00,99.03359826529814,99.12307130996966,98.94956079362873,99.00177603218292,0,0,0,0,0,0,-0.09211688874181226
2025-09-02 04:05:00,99.15192531052541,99.30804160901639,99.02657373962285,99.18171135533024,-1,1,1,0,0,0,-0.3187085694559018
2025-09-02 04:10:00,99.0690309850704,99.13089345313566,98.90475559573927,99.1358801793013,-1,0,0,0,0,0,-0.5417279350837982
2025-09-02 04:15:00,99.19353764133471,99.28392995560694,99.13661158026065,99.18442432989046,-1,0,0,0,0,0,-0.9469871646125534
2025-09-02 04:20:00,99.16891896346709,99.2899158311921,99.08959243241642,99.3110565512365,0,0,0,0,0,0,0.03666018360373344
2025-09-02 04:25:00,99.16084608960699,99.23428794960591,99.00796388075328,99.17997803237766,-1,0,0,0,0,0,-0.719589749424295
2025-09-02 04:30:00,99.15646065666695,99.21322224912569,99.13734862767461,99.17809948755577,-1,0,0,0,0,0,-0.6489550195542935
2025-09-02 04:35:00,99.21782470179073,99.22885415793961,99.09672145896857,99.14510488622963,-1,0,0,0,0,0,-0.1859861055160631
2025-09-02 04:40:00,99.22230706753295,99.32794669630876,99.1830396888274,99.25578699349698,-1,1,0,0,0,0,-1.1009830547343786
2025-09-02 04:45:00,99.40528385524344,99.48075711885429,99.32118496055931,99.3945616775787,-1,0,1,0,0,0,-0.610715685040977
2025-09-02 04:50:00,99.48821861830464,99.52771126424912,99.41792338020065,99.43955943995766,-1,0,1,0,0,0,-0.3113739008170651
2025-09-02 04:55:00,99.5459493986541,99.63101326706521,99.50426986268215,99.48383144600223,-1,0,1,0,0,0,-0.21459553915750995
2025-09-02 05:00:00,99.48558018326945,99.5422329689972,99.44490426037578,99.69932125364998,-1,0,0,0,0,0,-0.6508174394623977
2025-09-02 05:05:00,99.33650922923702,99.39537218399241,99.24545265466688,99.3154310492227,1,0,-1,0,0,0,1.016013067912304
2025-09-02 05:10:00,99.4497915927041,99.55404323894845,99.3299700195776,99.3332327590416,-1,0,0,0,0,0,-0.2798183124200597
2025-09-02 05:15:00,99.50365838240373,99.53012308595078,99.42884783053127,99.44780066562512,0,0,1,0,0,0,0.021887207794801904
2025-09-02 05:20:00,99.49973641576386,99.62162902720681,99.41693188941453,99.49561098860576,0,0,0,0,0,0,0.09690152138992028
2025-09-02 05:25:00,99.28328754259658,99.30738009607185,99.18044057994494,99.3270209052059,-1,0,-1,-1,0,0,-0.16565625309735402
2025-09-02 05:30:00,99.38259981788326,99.43609176154905,99.34146456880377,99.42698353962129,0,0,0,0,0,0,-0.036853182250034686
2025-09-02 05:35:00,99.47063176155281,99.62754960931547,99.36104406121629,99.52476092569493,-1,0,1,0,0,0,-0.7362843689687193
2025-09-02 05:40:00,99.3175835968208,99.4426777872865,99.20480987293841,99.26599477228982,0,0,0,0,0,0,-0.0711041175111349
2025-09-02 05:45:00,99.27623147659847,99.36013563629828,99.09208642464846,99.30346671207859,-1,0,-1,0,0,0,-0.6835467539771399
2025-09-02 05:50:00,99.30746535510049,99.34984414648044,99.24250952272287,99.23738059797165,-1,0,0,0,0,0,-0.6345159943823693
2025-09-02 05:55:00,99.24829583236202,99.30712494009403,99.18661910442874,99.1987243937209,-1,0,0,0,0,0,-0.4931683454373534
2025-09-02 06:00:00,99.2629576160849,99.34588862866833,99.15219898122196,99.18954089812489,0,0,0,0,0,0,0.10227370638332114
2025-09-02 06:05:00,99.22059236011089,99.30209328940447,99.1078281933544,99.12552125174302,1,0,0,0,0,0,0.2039753481895364
2025-09-02 06:10:00,99.10113124744043,99.1774964102554,99.04253473357551,99.18626800654907,1,0,0,0,0,0,0.39051483212359245
2025-09-02 06:15:00,99.23626569009652,99.31503238953314,99.17239219717372,99.29135462617482,-1,0,0,0,0,0,-0.3128198315043111
2025-09-02 06:20:00,99.27192601459241,99.3433510102042,99.17028078106368,99.35005924419066,-1,0,0,0,0,0,-0.6415201664063981
2025-09-02 06:25:00,98.94288695529517,98.96520780586957,98.89599032492455,98.9460320005771,1,0,-1,0,0,0,0.8095991687112556
2025-09-02 06:30:00,98.93476981812073,98.9941093884343,98.87119117764132,98.99691443402995,0,0,-1,0,0,0,-0.06545870499307521
2025-09-02 06:35:00,98.93844833700248,99.05503329916196,98.85486462630774,98.79754518463108,1,0,0,0,0,0,0.7160698499385029
2025-09-02 06:40:00,99.0063397538551,99.03160638195305,98.88650220646221,99.07538675529872,0,0,0,0,0,0,0.04168126042009396
2025-09-02 06:45:00,98.93732418538269,99.00974196492112,98.88150813002987,98.95149377178309,1,0,0,0,0,0,0.9034956305594315
2025-09-02 06:50:00,98.7428686675015,98.79007851035067,98.73656404598272,98.79303743551343,1,0,-1,0,0,0,0.3002997321861267
2025-09-02 06:55:00,98.80779227029548,98.89224628747141,98.80445616899621,98.83819413421936,-1,0,0,0,0,0,-0.14553047774936823
2025-09-02 07:00:00,98.95080810318692,99.01526277594424,98.92118462585516,98.87184369082397,-1,0,1,0,0,0,-0.13495412524290568
2025-09-02 07:05:00,98.78052074271648,98.91961648931546,98.75304745144447,98.66067756068519,1,0,0,0,0,0,0.6256206141107398
2025-09-02 07:10:00,98.85594392025475,98.95620724642235,98.78212835059954,98.7989795869601,1,0,0,0,0,0,0.906869743899432
2025-09-02 07:15:00,98.81786225883206,98.84539013220098,98.78541746497596,98.8630556413339,1,0,0,0,0,0,0.7974238662991833
2025-09-02 07:20:00,98.66012790246435,98.7669770229289,98.6082381008572,98.71533521567838,1,0,-1,0,0,0,0.604446303574123
2025-09-02 07:25:00,98.62680553390739,98.6758194596569,98.57776896930667,98.51737015171683,-1,0,-1,0,0,0,-0.5016417985227332
2025-09-02 07:30:00,98.48759410425457,98.54451424939947,98.42521441868848,98.40910615485711,-1,0,-1,0,0,0,-0.2991691340844304
2025-09-02 07:35:00,98.71370705740681,98.80625981821109,98.58080688414589,98.65584820253154,1,0,0,0,0,0,0.9008649760520309
2025-09-02 07:40:00,98.75554556426286,98.81587566747365,98.64906766068565,98.72696115944152,-1,0,1,0,0,0,-0.24131623807909916
2025-09-02 07:45:00,98.96724480652836,99.08295903918128,98.88659962991731,98.85828074006014,1,0,1,0,0,0,0.6496278882879329
2025-09-02 07:50:00,99.07844170271733,99.1274613002568,99.01688275394056,98.96467756142611,1,0,1,0,0,0,0.19485102862663412
2025-09-02 07:55:00,99.05988630297054,99.11512844086688,98.99721560923545,98.99413947925794,-1,0,0,0,0,0,-0.12932724866120016
2025-09-02 08:00:00,99.1863664860433,99.24011165030137,99.09325662724522,99.1932667929413,1,0,0,0,1,0,0.7580005076502396
2025-09-02 08:05:00,99.26728514719079,99.32465959725658,99.1639183842567,99.17283760001051,0,0,1,0,1,0,0.08873598942401248
2025-09-02 08:10:00,99.28770665062305,99.41167431284497,99.24401135086707,99.27844236982531,1,0,1,0,1,0,0.20912961484990567
2025-09-02 08:15:00,99.27321803766402,99.37836988940843,99.19175880743946,99.35790226295536,1,0,0,0,1,0,0.5513725026020189
2025-09-02 08:20:00,99.31868757839804,99.46708533655853,99.31742279565152,99.21454519940497,1,0,0,1,1,0,0.7433512916131796
2025-09-02 08:25:00,99.16181363014519,99.33251939830116,99.07334507877836,99.14529796947235,1,0,0,0,1,0,0.8294154977160705
2025-09-02 08:30:00,99.3196609567657,99.35843227548841,99.20917498708735,99.40164149546577,1,0,0,0,1,0,0.17722035757092686
2025-09-02 08:35:00,99.18681129792382,99.26962806301691,99.11801404299906,99.15334982669472,1,0,0,0,1,0,0.12825526398486542
2025-09-02 08:40:00,99.17553302550381,99.20848501283807,99.02287194565821,99.12963945023513,1,0,-1,0,1,0,0.5875702006576002
2025-09-02 08:45:00,99.24572207891813,99.2946178418082,99.20097161681558,99.33880174406265,0,0,0,0,1,0,0.05690563583655378
2025-09-02 08:50:00,99.34264350531646,99.39744020490623,99.25394588870432,99.31814733899874,-1,0,1,0,1,0,-0.8908248622132251
2025-09-02 08:55:00,99.38222242395807,99.41993622899254,99.30365541382471,99.47058202597451,1,0,1,0,1,0,0.9108513266139644
2025-09-02 09:00:00,99.5161751522955,99.55409966137957,99.44018705899325,99.55049238358568,1,0,1,0,1,0,1.0569292139132775
2025-09-02 09:05:00,99.58029907674118,99.65452770160037,99.50487196346137,99.5528715045084,0,0,1,0,1,0,0.06469523267771804
2025-09-02 09:10:00,99.43586410510648,99.46719536837102,99.3515799039061,99.47423934755427,1,0,0,0,1,0,0.226368459828649
2025-09-02 09:15:00,99.48068391271687,99.59436899108238,99.36676556297832,99.50631987382455,1,0,0,0,1,0,1.0592100544161172
2025-09-02 09:20:00,99.28689174100532,99.33018159950862,99.15178229155433,99.36856236668552,1,0,-1,0,1,0,0.4900000089640237
2025-09-02 09:25:00,99.30386203171682,99.49624479052068,99.22395204149699,99.25999438868762,0,0,0,0,1,0,-0.0950982306148287
2025-09-02 09:30:00,99.3709871252819,99.43293174724333,99.25837448239504,99.37428361062443,1,0,0,0,1,0,0.4679934507969169
2025-09-02 09:35:00,99.48741482211412,99.5702955277908,99.43548549996478,99.48249356774575,0,0,0,0,1,0,0.09203121096407496
2025-09-02 09:40:00,99.43481972286096,99.46300607548233,99.32418150475192,99.49115157419214,1,0,0,0,1,0,0.5957923395232296
2025-09-02 09:45:00,99.4526519595047,99.60089562982981,99.40313162045778,99.37063762394918,1,0,0,0,1,0,0.6687214874018031
2025-09-02 09:50:00,99.26804878104156,99.39282880827368,99.14442238359803,99.34940694490058,1,0,0,0,1,0,1.017080543990145
2025-09-02 09:55:00,99.29290232018786,99.38477895501731,99.12447668509213,99.3302086219615,1,0,-1,0,1,0,0.7901167374522529
2025-09-02 10:00:00,99.16451375597318,99.19064165402199,99.08939711149203,99.05915975008254,-1,0,0,-1,1,0,-0.7584724200937543
2025-09-02 10:05:00,99.21439299091955,99.30281966602854,99.20669125128725,99.311054016958,1,0,0,0,0,0,0.821099217676049
2025-09-02 10:10:00,99.32165712393412,99.35679988209343,99.26358004126391,99.50038457039794,1,0,1,0,0,0,0.4251169173682848
2025-09-02 10:15:00,99.40597114341054,99.54446535394948,99.27669613803897,99.48611786097449,-1,0,0,0,0,0,-0.5890065733910801
2025-09-02 10:20:00,99.15476575402872,99.26713354330285,99.05264268254771,99.26892453540684,-1,0,0,0,0,0,-0.1499105684048197
2025-09-02 10:25:00,99.27413701929606,99.35795458083557,99.18418047534907,99.28096672982427,0,0,0,0,0,0,0.10455423764114355
2025-09-02 10:30:00,99.19504231467197,99.21249734120185,99.07469558043377,99.06212192109288,-1,0,0,0,0,0,-0.15756878605054514
2025-09-02 10:35:00,99.32574944592143,99.36641280677507,99.22637130835149,99.17821980982804,1,0,0,0,0,0,0.9472961341390125
2025-09-02 10:40:00,99.40905079541551,99.51656124067951,99.28034178791746,99.42945735892494,1,0,1,0,0,0,0.8480417681301811
2025-09-02 10:45:00,99.24304195780199,99.37155730547092,99.12626501073612,99.1956836531836,1,0,0,0,0,0,1.1822657248572668
2025-09-02 10:50:00,99.14502353243594,99.26939032489562,99.00415551432647,99.07185743016976,1,-1,-1,0,0,0,0.3116008048497091
2025-09-02 10:55:00,99.29267706070657,99.3089965406169,99.19832521735032,99.28765732598907,1,0,0,0,0,0,0.47899292114070613
2025-09-02 11:00:00,99.19673887511793,99.28880096739044,99.08052849905818,99.24598569814684,-1,0,0,0,0,0,-0.4076737611799974
2025-09-02 11:05:00,99.28139342472264,99.40201403338196,99.21367850764607,99.16517282098167,1,0,0,0,0,0,0.25013588213308247
2025-09-02 11:10:00,99.32586773448382,99.33953431186053,99.26992616694618,99.28995752486139,1,0,0,0,0,0,0.445050950923152
2025-09-02 11:15:00,99.37864864512008,99.45833246450515,99.23037793950333,99.49943829976971,1,0,0,0,0,0,1.0632260391556987
2025-09-02 11:20:00,99.38018501578814,99.47113871172049,99.29153682873523,99.29416194537043,1,0,0,0,0,0,0.2671329295988129
2025-09-02 11:25:00,99.4080667901703,99.47603620677643,99.2958715675358,99.4776476851435,1,0,0,0,0,0,0.27159221045510606
2025-09-02 11:30:00,99.56386585929162,99.56977938507558,99.47891625871517,99.5250873983677,1,0,1,0,0,0,0.5195616112227849
2025-09-02 11:35:00,99.65932746928442,99.72629954488147,99.60278809532122,99.70299097007242,1,0,1,0,0,0,0.4499504556751748
2025-09-02 11:40:00,99.7527622766714,99.8196700594612,99.6723229609681,99.84054847724764,1,0,1,0,0,0,0.8278005531633317
2025-09-02 11:45:00,99.86984031644359,99.94391742026167,99.73240055573288,99.92914285780239,1,0,1,1,0,0,0.6092930496560502
2025-09-02 11:50:00,99.62935760181311,99.68681874479611,99.52714799884194,99.70209036999022,0,0,0,0,0,0,0.110485698842676
2025-09-02 11:55:00,99.73140538964712,99.79368490351746,99.71986431603634,99.63927790697448,1,0,0,0,0,0,1.205949597572605
2025-09-02 12:00:00,99.67230376103626,99.75071550974238,99.60091353929931,99.76139653757556,1,0,0,0,0,0,0.21467986932862806
2025-09-02 12:05:00,99.70659953488644,99.80429771908523,99.55530778317825,99.63838408571566,-1,0,0,0,0,0,-0.33205815826355756
2025-09-02 12:10:00,99.85141567365957,99.9192386031453,99.77996754813357,99.8721790149053,1,0,1,0,0,0,0.49861415839743445
2025-09-02 12:15:00,99.742561999729,99.80617604259429,99.73458114739837,99.76322169468878,0,0,0,0,0,0,-0.10323345899131964
2025-09-02 12:20:00,99.74786841932918,99.83156258085936,99.59214646391227,99.78667822403875,1,0,0,0,0,0,1.002148705015966
2025-09-02 12:25:00,99.88526813601081,99.888431498975,99.7779724356183,99.91222467009563,1,0,0,0,0,0,0.18251729088573587
2025-09-02 12:30:00,99.77637658815324,99.87545799324229,99.69917710250576,99.70887178987127,1,0,0,0,0,0,0.6348887892739492
2025-09-02 12:35:00,99.70155629498203,99.7815337710971,99.63641300442531,99.59356690199837,1,0,0,0,0,0,0.9084417090977481
2025-09-02 12:40:00,99.84599493979977,99.92758268086367,99.7227008626081,99.9157828341967,1,0,0,0,0,0,0.17004914155152484
2025-09-02 12:45:00,99.89794528545008,100.01637465775386,99.83962462145912,99.91281205165158,0,1,1,0,0,0,-0.013821889845385182
2025-09-02 12:50:00,99.89673357496288,99.89862095376095,99.77080331798224,99.9886837222395,1,0,0,0,0,0,0.4402884172897278
2025-09-02 12:55:00,100.07304311196229,100.07408975716794,99.97135530053332,100.06946447722726,1,0,0,0,0,0,0.5783420162872368
2025-09-02 13:00:00,100.21075998405637,100.3017121378693,100.12097270703687,100.09834683520221,1,0,1,0,0,0,0.715051380696464
2025-09-02 13:05:00,100.27642715761033,100.3561424834052,100.1906065653969,100.35371753209066,1,0,1,0,0,0,0.6740117476438181
2025-09-02 13:10:00,100.30169531620686,100.38850239393454,100.22869403767542,100.27206566743398,-1,0,0,0,0,0,-0.552491903827564
2025-09-02 13:15:00,100.63968724723235,100.70120216422545,100.51786164242398,100.66704752382603,-1,0,1,0,0,0,-0.6067886467603233
2025-09-02 13:20:00,100.64732617166094,100.75390031863053,100.60193988494501,100.59552941738258,1,0,1,0,0,0,0.3813956081885467
2025-09-02 13:25:00,100.40262531696334,100.51993087068298,100.38750232203654,100.53416945378203,-1,0,0,0,0,0,-0.32319250186983867
2025-09-02 13:30:00,100.59623410025289,100.69559339201095,100.49165649533718,100.52610891431823,0,0,0,0,0,0,0.07809506156058751
2025-09-02 13:35:00,100.57242680950402,100.64199367116784,100.46717727638134,100.54543242917553,1,0,0,0,0,0,0.8562378871654932
2025-09-02 13:40:00,100.58546597752371,100.58977355302828,100.48625633142323,100.59406187373949,1,0,0,0,0,0,0.16874562600464593
2025-09-02 13:45:00,100.69773996605882,100.80850941438031,100.6014308312741,100.61036537989186,1,0,0,0,0,0,0.34599129081027824
2025-09-02 13:50:00,100.54310053508631,100.671969681735,100.47592215021982,100.56954209737331,-1,0,0,0,0,0,-0.15946597686917435
2025-09-02 13:55:00,100.4196133025791,100.52539563905846,100.30811399440367,100.54856614077649,1,0,-1,0,0,0,0.32940043662643403
2025-09-02 14:00:00,100.18346966762263,100.22828397052793,100.10529199269281,100.14423269476714,1,-1,-1,0,0,0,0.15670878858764256
2025-09-02 14:05:00,100.19800212317433,100.30495389892104,100.13748666560694,100.22961354869688,1,0,-1,0,0,0,0.23066102942666927
2025-09-02 14:10:00,100.1423798296549,100.25680101797336,100.07485548214511,99.92242499877182,0,0,0,0,0,0,-0.042289140418583004
2025-09-02 14:15:00,100.2252891934998,100.36764184341177,100.06446360554877,100.22217485746101,1,-1,0,0,0,0,0.5262943060605378
2025-09-02 14:20:00,100.35943696423337,100.40439256726425,100.34883600751519,100.33439358135927,1,0,1,0,0,0,0.19308410565211445
2025-09-02 14:25:00,100.19578309910892,100.26672491572715,100.0957915749371,100.13030329091609,1,0,0,0,0,0,0.2752008193079542
2025-09-02 14:30:00,99.99709730090755,100.10698818295329,99.9842617180125,100.08361333847783,1,0,-1,0,1,0,0.9883522483081433
2025-09-02 14:35:00,99.91372042992501,99.99601683278253,99.83804976345793,99.8876209353951,1,0,-1,0,1,0,0.7592204530384543
2025-09-02 14:40:00,99.82083363276429,99.85614052868225,99.75817873217046,99.8066354337968,1,0,-1,0,1,0,0.7644970435713876
2025-09-02 14:45:00,99.90986506503674,100.00644971643781,99.90646393316955,99.87968963505361,1,0,0,0,1,0,1.0430511807694813
2025-09-02 14:50:00,99.9938757342214,100.09702219957401,99.89831423060406,99.8405304644802,0,0,1,0,1,0,0.004334905904025077
2025-09-02 14:55:00,100.00243833174146,100.0859568475947,99.93763985422915,99.9118794165353,1,0,0,0,1,0,0.3226850632497912
2025-09-02 15:00:00,100.12628680824264,100.21507020532984,100.12231855454019,100.20317428713226,0,0,1,0,1,0,0.014319162888423498
2025-09-02 15:05:00,100.06878444313458,100.13843620706714,99.9552017195036,99.89998839138418,-1,0,0,0,1,0,-0.1697492465752975
2025-09-02 15:10:00,100.15101926472893,100.29015042215757,100.01361901760937,100.08971403675967,1,0,0,0,1,0,0.8830181037732284
2025-09-02 15:15:00,100.0063387192775,100.05031103192898,99.86673374558563,99.97436111477431,1,0,0,0,1,0,0.7937207186770481
2025-09-02 15:20:00,100.05242115189763,100.10892832138708,99.95806289427158,100.19191090128096,1,0,0,0,1,0,0.4228875520030288
2025-09-02 15:25:00,100.04113289216754,100.12157231270864,99.95929056662446,100.10262119340724,0,0,0,0,1,0,0.0661212288419224
2025-09-02 15:30:00,100.07625607918521,100.19141424029326,99.94312981434938,100.03168243702096,1,0,0,0,1,0,0.35924594942034777
2025-09-02 15:35:00,100.05264497799294,100.07275005118916,99.90534963457934,100.15700607376219,1,0,0,0,1,0,0.17094710681030406
2025-09-02 15:40:00,100.09678289507703,100.1243710250864,99.971440146962,100.03754162943694,-1,0,0,0,1,0,-0.34546088451074963
2025-09-02 15:45:00,100.05474227984477,100.05625142015417,100.01240378393396,100.13547026414349,1,0,0,0,1,0,0.4196338955616761
2025-09-02 15:50:00,100.13333950493825,100.21464731394838,100.04528571080965,100.02462932526441,1,0,0,0,1,0,0.4813013025204738
2025-09-02 15:55:00,100.1105452826884,100.14581305000014,100.01296463691675,100.19640590923154,1,0,0,0,1,0,0.1340841738255082
2025-09-02 16:00:00,99.89121027692796,99.95582827252724,99.88359495568466,99.85871958529029,1,0,-1,0,1,0,0.4809103070926822
2025-09-02 16:05:00,99.65566420133254,99.76211932892821,99.5568897749477,99.57338386205724,1,0,-1,0,1,0,0.6426945010858335
2025-09-02 16:10:00,99.55395844326442,99.60829673443311,99.38303877022524,99.53658695421832,0,0,-1,0,1,0,-0.11617520388217711
2025-09-02 16:15:00,99.33811334702955,99.42736462793928,99.23251590039752,99.36030088140717,-1,0,-1,0,1,0,-0.4230912601877868
2025-09-02 16:20:00,99.2347555680364,99.30278205172634,99.09581904477874,99.19517569359435,0,0,-1,-1,1,0,-0.002052004767450877
2025-09-02 16:25:00,99.3983719656049,99.50525653820876,99.31105537639975,99.44268824608451,1,0,0,0,1,0,0.6278771984473652
2025-09-02 16:30:00,99.27757406872196,99.37657919141589,99.20050280168131,99.23093455802884,1,0,0,0,1,0,0.3886523570433581
2025-09-02 16:35:00,99.35481390618965,99.40713655834266,99.25956305058641,99.40444369770415,1,0,0,0,1,0,0.9253166380014928
2025-09-02 16:40:00,99.38700115380148,99.46025508366546,99.33963421972085,99.42237891876441,-1,0,0,0,1,0,-0.6756667021555518
2025-09-02 16:45:00,99.50300147750274,99.62475121341156,99.46155248499211,99.4981276331261,-1,0,1,0,1,0,-0.18862740166294023
2025-09-02 16:50:00,99.47413781665766,99.56987289146782,99.34348563437088,99.43882723166838,-1,0,0,0,1,0,-0.39965461021621573
2025-09-02 16:55:00,99.59841619512987,99.62253771281982,99.46352250141521,99.6105394587911,1,0,0,0,1,0,0.8118669754651584
2025-09-02 17:00:00,99.67765094023423,99.78387566268108,99.63729519285772,99.72167123967692,1,0,1,0,1,0,0.21923951361342442
2025-09-02 17:05:00,99.37628818912783,99.41290376423038,99.25756823694567,99.54123212134637,1,0,-1,0,0,0,0.4783149841819826
2025-09-02 17:10:00,99.31711713649499,99.45361765929343,99.24059553551923,99.39227077023884,0,0,-1,0,0,0,-0.048220401824045356
2025-09-02 17:15:00,99.22645931177752,99.34742326537116,99.1328669687979,99.30453850776279,0,0,0,0,0,0,-0.03089496931380009
2025-09-02 17:20:00,99.15016195597092,99.24175737500765,99.05175321039351,99.39724293155975,1,0,0,0,0,0,0.17872373277849615
2025-09-02 17:25:00,99.13296646360394,99.21925577734139,99.01319244487897,99.17424314174536,-1,0,0,0,0,0,-0.6779137470220855
2025-09-02 17:30:00,99.18753941180155,99.25917812156045,99.10423068372702,99.2263108927065,0,0,0,0,0,0,-0.09878930509273948
2025-09-02 17:35:00,99.30209405414004,99.40923501219605,99.16568757432796,99.35841526008578,1,0,0,0,0,0,0.1522567192322003
2025-09-02 17:40:00,99.2197039868522,99.28487286007372,99.1273274732618,99.13898670864513,1,0,0,0,0,0,0.4531875415300366
2025-09-02 17:45:00,99.24556661671468,99.33498941154028,99.1405992458159,99.21005448580118,1,0,0,0,0,0,0.5080097157790369
2025-09-02 17:50:00,99.0856247538736,99.20050212853438,99.0389552575351,99.04513121253822,1,0,0,0,0,0,0.6363764410548505
2025-09-02 17:55:00,99.15887829862184,99.21640603688083,98.99253193819365,99.2106874167994,1,0,0,0,0,0,0.7781630282795418
2025-09-02 18:00:00,99.0985934390772,99.15394572947758,98.99980044214901,99.08465947409951,0,0,0,0,0,0,-0.014522813241939242
2025-09-02 18:05:00,98.8616262746626,98.89385165543362,98.75310637764879,98.87268414870054,1,0,-1,0,0,0,0.5979078773593445
2025-09-02 18:10:00,99.00578966190825,99.0432107520632,98.99011709435672,99.09278603152013,1,0,0,0,0,0,0.37024592576773435
2025-09-02 18:15:00,98.90486893104557,98.9117331185879,98.85777701196874,98.9739209901419,1,0,0,0,0,0,0.8039986666796297
2025-09-02 18:20:00,98.83555600145313,98.94474915301375,98.70604065393638,98.82261832120983,-1,-1,-1,0,0,0,-0.4591665892878959
2025-09-02 18:25:00,98.79233218426555,98.94468876594885,98.70085653953385,98.73873257651529,0,-1,0,0,0,0,0.08792679488470045
2025-09-02 18:30:00,98.52154030516428,98.65855346290309,98.51809149455744,98.61236228369654,1,0,-1,0,0,0,0.24914383085392913
2025-09-02 18:35:00,98.6074986872003,98.62245530765524,98.48596709004096,98.6694099816731,1,0,-1,0,0,0,0.45982948085001885
2025-09-02 18:40:00,98.59232042221203,98.70131460907427,98.53407173438613,98.46381987674839,1,0,0,0,0,0,0.22058964657585045
2025-09-02 18:45:00,98.65931953136722,98.79620378536416,98.52286685193215,98.63426721625456,1,0,0,0,0,0,0.2282484237378319
2025-09-02 18:50:00,98.69463309687784,98.75636069764829,98.61814652402198,98.70787433383917,1,0,0,0,0,0,0.23487561379712932
2025-09-02 18:55:00,98.75851582782045,98.84257372504645,98.67032756037962,98.82082220519013,1,0,0,0,0,0,0.5952326283978526
2025-09-02 19:00:00,98.74557696365405,98.74589268568623,98.61841878051038,98.81838508324923,1,0,0,0,0,0,0.2219064647102542
2025-09-02 19:05:00,98.60013040751983,98.69079985423889,98.55603012635402,98.62284288761387,1,0,0,0,0,0,1.298272172210822
2025-09-02 19:10:00,98.86959231317749,98.9070499240001,98.82930618549085,98.9164121156862,-1,0,1,0,0,0,-0.29620322210332095
2025-09-02 19:15:00,98.80129745472348,98.88928285543994,98.7291573915394,98.80642839891374,0,0,1,0,0,0,0.026352619961515916
2025-09-02 19:20:00,98.80053837929688,98.81809026240933,98.68745146731203,98.74663024424244,1,0,-1,0,0,0,0.876328583562288
2025-09-02 19:25:00,98.84056307087774,98.94227739985683,98.81379816098227,98.81966191959444,1,0,0,0,0,0,0.4533522047493861
2025-09-02 19:30:00,98.78827136452037,98.90925187153744,98.77499274851593,98.78979065945158,0,0,0,0,0,0,-0.1206798017679305
2025-09-02 19:35:00,98.78612983991663,98.83480264544802,98.67318100283488,98.78335549991513,-1,0,0,0,0,0,-0.28560488534234973
2025-09-02 19:40:00,99.07254239036801,99.1070654871116,99.01666152287069,98.92169655801254,1,0,1,0,0,0,0.149231538780502
2025-09-02 19:45:00,99.23875740620166,99.24499832790366,99.17444644671846,99.2069587394073,1,0,1,0,0,0,0.3033747419773602
2025-09-02 19:50:00,99.29472086316477,99.36406432180176,99.28899327924238,99.29921731541191,1,0,1,0,0,0,0.879612548632212
2025-09-02 19:55:00,99.23914786846994,99.29588411109867,99.18630704104402,99.21663826911748,1,0,0,0,0,0,0.1294614983276936
2025-09-02 20:00:00,99.39364812938003,99.41160735288611,99.31395082124527,99.3739022257391,-1,0,0,0,0,0,-0.5310882214291643
2025-09-02 20:05:00,99.36035209749443,99.45847284774692,99.24313698318952,99.39939140715879,1,1,0,0,0,0,0.9934415908723605
2025-09-02 20:10:00,99.41103779496694,99.47303897969236,99.36188700161632,99.32472122000306,1,0,0,0,0,0,0.1307211223423196
2025-09-02 20:15:00,99.41825584033097,99.45522640198516,99.27196079552166,99.28801246321487,1,0,0,0,0,0,0.6945211240166347
2025-09-02 20:20:00,99.3707116005743,99.42852870434868,99.31809384154148,99.34285801730736,-1,0,0,0,0,0,-0.280928930750599
2025-09-02 20:25:00,99.40479632933531,99.52764851089249,99.35212000139872,99.46592548177546,1,1,0,1,0,0,0.6024244279610306
2025-09-02 20:30:00,99.1724336592942,99.27655113704441,99.03093935721829,99.30743790245313,1,0,-1,0,0,0,0.8040863389993832
2025-09-02 20:35:00,99.04677815521697,99.12157711275702,98.95831974912241,99.10934841434455,0,0,-1,0,0,0,-0.02148445341258043
2025-09-02 20:40:00,98.91347722531717,99.01824142605577,98.85555821447763,98.79601612452765,-1,0,-1,0,0,0,-0.387167864924594
2025-09-02 20:45:00,98.81052835010398,98.8440918718485,98.7367336753512,98.79193897095384,1,0,-1,0,0,0,1.300457896748566
2025-09-02 20:50:00,98.84598775840688,98.92728256243596,98.71186481530519,98.8665185088934,1,0,0,0,0,0,0.5747121261126362
2025-09-02 20:55:00,99.08608865906892,99.17198155228839,98.9474405462839,99.10029594842281,1,0,1,0,0,0,0.6131747289971718
2025-09-02 21:00:00,99.2218646184348,99.28307115809484,99.1745363456056,99.26500898267022,1,0,1,0,0,0,0.43872330653637776
2025-09-02 21:05:00,99.10121603968922,99.19863437312752,99.02291339209238,99.02785212397237,-1,0,0,0,0,0,-0.4369195107046747
2025-09-02 21:10:00,99.23330863652384,99.28209129833806,99.14970236341715,99.2385040835279,1,0,0,0,0,0,0.2317948633235238
2025-09-02 21:15:00,99.18045842484149,99.28085125315253,99.13990802926216,99.21408425122358,-1,0,0,0,0,0,-0.5198921537183461
2025-09-02 21:20:00,99.10323374533418,99.20530809619544,99.02546114744018,99.16928742159847,-1,0,0,0,0,0,-0.21681943623359218
2025-09-02 21:25:00,99.18683435203117,99.22352074725906,99.1066214376131,99.12237689870214,-1,0,0,0,0,0,-0.13909729959579223
2025-09-02 21:30:00,99.32293310518253,99.45054533332294,99.19732472602506,99.2953205558031,-1,0,0,0,0,0,-0.749467577195314
2025-09-02 21:35:00,99.30556745981106,99.34747276242517,99.1772704586786,99.08926204540519,-1,0,0,0,0,0,-0.5252328139152863
2025-09-02 21:40:00,99.26793977709781,99.32329781607557,99.20110815303217,99.21822281969159,-1,0,0,0,0,0,-0.33918969659975773
2025-09-02 21:45:00,99.18437406281771,99.30538798418802,99.11293218857215,99.14242087138003,1,0,0,0,0,0,0.17969543728402282
2025-09-02 21:50:00,99.32123596236441,99.38854449335432,99.21466427028219,99.23966920171101,-1,0,0,0,0,0,-0.5291930440832149
2025-09-02 21:55:00,99.46955634035065,99.49090890105187,99.41296387830774,99.48280531236927,-1,0,1,0,0,0,-0.4334296683706934
2025-09-02 22:00:00,99.49437871839565,99.53062923592698,99.39083311232615,99.48990308383203,-1,0,1,0,0,0,-0.2792285633481335
2025-09-02 22:05:00,99.69521611009301,99.81629233994583,99.61873236958779,99.5144789998868,-1,0,1,0,0,0,-0.29539509647135587
2025-09-02 22:10:00,99.7653157953353,99.76845561411335,99.72409173844484,99.78255643287943,-1,0,1,0,0,0,-0.46636536271782275
2025-09-02 22:15:00,99.81277404329794,99.93793368733641,99.77104751181312,99.73850811283481,0,0,0,0,0,0,-0.07535833619954072
2025-09-02 22:20:00,99.79504153638297,99.87283745242128,99.65715918854173,99.8338966531182,-1,0,0,0,0,0,-0.6068796070486959
2025-09-02 22:25:00,99.79197274159522,99.82427692837751,99.71822960076095,99.68942464177692,1,0,0,0,0,0,0.22876395112275383
2025-09-02 22:30:00,99.7270312715963,99.7837066687042,99.58141710784037,99.72943179467877,-1,0,0,0,0,0,-0.534804219599676
2025-09-02 22:35:00,99.77633338425133,99.81564441060726,99.71687883467993,99.75368031794041,0,0,0,0,0,0,-0.06716352220398172
2025-09-02 22:40:00,99.86354478769351,99.97819379572785,99.77189657964826,99.88779293848954,0,1,0,0,0,0,-0.05796745006931653
2025-09-02 22:45:00,99.84484328381222,99.95414039620273,99.6691362148915,99.85481906602433,-1,0,0,0,0,0,-0.9052828904519052
2025-09-02 22:50:00,99.99638018037052,100.00761373501548,99.95867565015705,99.97596704636881,-1,0,0,0,0,0,-1.0108070475906221
2025-09-02 22:55:00,99.97734979466856,100.04120610992778,99.97326237466454,99.85444800954501,1,0,1,0,0,0,0.35455807122208405
2025-09-02 23:00:00,99.97651573438159,100.02198830788782,99.84505212913011,99.85833909730471,-1,0,0,0,0,0,-0.15175937977957776
2025-09-02 23:05:00,100.00765894703466,100.13939934577303,99.96073131125038,99.96094799190728,1,0,0,0,0,0,0.20712687262254653
2025-09-02 23:10:00,99.89146885969605,99.91746489497099,99.8122971142603,99.89080646898168,-1,0,0,0,0,0,-1.119607311637403
2025-09-02 23:15:00,100.05972003512959,100.20388919931699,100.00315676354765,100.01106019935365,0,0,0,0,0,0,0.0029781313381718744
2025-09-02 23:20:00,99.86535677484747,99.9440249852668,99.77463026360925,99.91537372929383,-1,0,0,0,0,0,-0.5651431582827648
2025-09-02 23:25:00,99.8196133032499,99.8531359269947,99.77763475153732,99.79727562971296,1,0,-1,0,0,0,0.515563956482423
2025-09-02 23:30:00,99.68236969726266,99.73527872990229,99.609567300778,99.6051686792803,-1,0,-1,0,0,0,-0.5000190234044763
2025-09-02 23:35:00,99.6673114766671,99.71524672303636,99.56931886360483,99.64506377322806,1,-1,-1,-1,0,0,0.4574854444320441
2025-09-02 23:40:00,99.74295283723764,99.77196810115701,99.70328519268861,99.76102162414296,-1,0,0,0,0,0,-0.3912453450397858
2025-09-02 23:45:00,99.90621743020893,99.99001050459815,99.85422079139477,99.9322082077149,-1,0,1,0,0,0,-0.7572624638659446
2025-09-02 23:50:00,99.79653858502752,99.82742196299985,99.73043389837146,99.94680891558697,1,0,0,0,0,0,0.3571849629368178
2025-09-02 23:55:00,99.67035025478245,99.67756490313198,99.6475028721515,99.61683750758218,-1,0,-1,0,0,0,-0.6041779095997585
2025-09-03 00:00:00,99.29442767746279,99.35924061862886,99.23133011677474,99.28854938453556,-1,0,-1,0,0,0,-0.9106106850920099
2025-09-03 00:05:00,99.31523058951922,99.3231163416625,99.2304787279231,99.34932050526477,-1,0,-1,0,0,0,-0.7865665643430241
2025-09-03 00:10:00,99.57061654092942,99.62053010620672,99.50659849859296,99.56874270419335,1,0,1,0,0,0,0.15889219181727188
2025-09-03 00:15:00,99.55113086095956,99.59476674541543,99.48198592067683,99.51108140928046,1,0,1,0,0,0,0.32161822905894416
2025-09-03 00:20:00,99.55345836259589,99.59860971971486,99.47425442943215,99.42951778848835,-1,0,0,0,0,0,-0.19668264585661388
2025-09-03 00:25:00,99.60095142286472,99.76098994692833,99.54718116136202,99.56008465814048,-1,0,0,0,0,0,-0.7328755187293686
2025-09-03 00:30:00,99.38889676742164,99.47115323010843,99.28125426478697,99.30300057440422,-1,0,-1,0,0,0,-0.7869959660589103
2025-09-03 00:35:00,99.32950784056266,99.41932268092246,99.19206871557058,99.19137930607275,-1,0,-1,0,0,0,-0.8245358337670072
2025-09-03 00:40:00,99.33457053099139,99.34351459913769,99.2731457466792,99.27091622365774,-1,0,0,0,0,0,-0.5334290203448824
2025-09-03 00:45:00,99.3868588300501,99.44070030470462,99.28745090079099,99.30309149238879,-1,0,0,0,0,0,-0.7511928089105857
2025-09-03 00:50:00,99.47452229941322,99.56313440461088,99.4041069856306,99.52122522303667,-1,0,1,0,0,0,-0.39259472929399303
2025-09-03 00:55:00,99.448768109751,99.48778695323448,99.35414861594946,99.49685545674414,-1,0,0,0,0,0,-1.0036698022059858
2025-09-03 01:00:00,99.55152643383803,99.66784894757875,99.4088952525899,99.47921609067157,-1,0,0,0,0,0,-0.6693427511065364
2025-09-03 01:05:00,99.50408286985159,99.53597500641554,99.40373648813086,99.48326457940654,-1,0,0,0,0,0,-0.31154284960978024
2025-09-03 01:10:00,99.58968504233802,99.6582303969034,99.58062162389041,99.44102562936902,-1,0,0,0,0,0,-0.6287839790424768
2025-09-03 01:15:00,99.79196105949883,99.8485189938998,99.69380123424095,99.75241386348422,-1,0,1,1,0,0,-0.6667328523996869
2025-09-03 01:20:00,99.67317897004885,99.75975179642413,99.5438644203165,99.70509752210504,-1,0,0,0,0,0,-0.3093759569218151
2025-09-03 01:25:00,99.4617756423376,99.51615603946338,99.39063948913753,99.52777067350672,0,0,-1,0,0,0,0.05412147456842792
2025-09-03 01:30:00,99.72020380122667,99.78936805614384,99.60037840898197,99.66316003469137,-1,0,0,0,0,0,-0.5875115473912025
2025-09-03 01:35:00,99.5802989224173,99.65085371874618,99.52790354406338,99.6644473112595,-1,0,1,0,0,0,-0.8564272741880743
2025-09-03 01:40:00,99.78881059743121,99.83943508713556,99.7682321638121,99.66755524371013,-1,0,0,0,0,0,-0.6298034171311891
2025-09-03 01:45:00,99.68445850895571,99.7838622636956,99.59881174820241,99.58464828502422,-1,0,0,0,0,0,-0.19683771927698893
2025-09-03 01:50:00,99.79414171331544,99.88367724830894,99.7844007821453,99.85091466256647,-1,0,0,0,0,0,-0.6445835548547938
2025-09-03 01:55:00,99.7251704958005,99.80162593799037,99.65476133631624,99.85886019408555,-1,0,0,0,0,0,-0.5550131644250513
2025-09-03 02:00:00,99.81996362226887,99.8827452889304,99.68848993176306,99.85943818132357,1,0,0,0,0,0,0.17320269505675034
2025-09-03 02:05:00,99.89374944814821,100.00561120936901,99.89013996437806,99.8905220572255,1,0,1,0,0,0,0.5899204519098944
2025-09-03 02:10:00,99.97018935942968,100.04075598967711,99.94136923126624,99.7945746597079,1,0,1,0,0,0,0.2164599341476363
2025-09-03 02:15:00,99.88945023429899,99.95718234278596,99.85073152410546,99.72765446981552,1,0,0,0,0,0,0.2325944480077678
2025-09-03 02:20:00,99.71446138153316,99.79864898272868,99.6369941759216,99.72481414448482,-1,0,-1,0,0,0,-0.4589375784060027
2025-09-03 02:25:00,99.79988565961723,99.94774912693606,99.73451433104309,99.77124064605154,-1,0,0,0,0,0,-0.27512802794153246
2025-09-03 02:30:00,99.57692303171251,99.60330878339167,99.44095757644467,99.48845621714034,-1,0,-1,0,0,0,-0.3385804780287332
2025-09-03 02:35:00,99.63027272974028,99.7410670054625,99.51209879657661,99.6355153362067,-1,0,0,0,0,0,-0.369237729377775
2025-09-03 02:40:00,99.63111960901462,99.63539276256509,99.53130869117187,99.64033011841525,1,0,0,0,0,0,0.16781948587000234
2025-09-03 02:45:00,99.68968443370957,99.77837536003872,99.60385922113582,99.7652377031928,-1,0,0,0,0,0,-0.677456227122075
2025-09-03 02:50:00,99.52350587362807,99.66650918673241,99.42777668254867,99.53443405626908,-1,0,0,0,0,0,-0.2862113941695964
2025-09-03 02:55:00,99.31803942111245,99.41758616209114,99.27251871532498,99.41631097057919,1,0,-1,0,0,0,0.7848623276725273
2025-09-03 03:00:00,99.20774438930867,99.29456939245027,99.0934559751664,99.20838391167258,-1,0,-1,0,0,0,-1.0474293408549182
2025-09-03 03:05:00,99.06433105682628,99.12191307807416,99.02881282700065,99.0551042572417,-1,0,-1,0,0,0,-0.7959929909973731
2025-09-03 03:10:00,99.10839719080911,99.18963907882866,98.99498211105302,99.19354216570889,0,0,0,0,0,0,0.08428443336107416
2025-09-03 03:15:00,99.01282754171524,99.0827450290991,98.88538184163049,98.93455227131193,-1,0,0,0,0,0,-0.5145439188115865
2025-09-03 03:20:00,98.992030608599,99.04059154428174,98.90359602451547,99.21718640486029,-1,0,0,0,0,0,-0.40183752785845195
2025-09-03 03:25:00,98.95767924860641,99.02608422398741,98.88472777096489,98.98769984685975,0,0,0,0,0,0,0.06051795371391805
2025-09-03 03:30:00,98.92709913839074,99.0150343848158,98.83108674205836,98.95756547861775,-1,0,0,-1,0,0,-0.9022289953252015
2025-09-03 03:35:00,98.88654722127828,98.93585853853705,98.85208648647425,98.92855489919609,-1,0,0,0,0,0,-0.7706351648164416
2025-09-03 03:40:00,98.94236123400816,98.99010996118078,98.85027090526874,99.09253215203469,-1,0,0,0,0,0,-0.19662445445337062
2025-09-03 03:45:00,98.99187895864033,99.01746922113664,98.91641311855392,99.05527955157413,0,0,0,0,0,0,-0.1084366906514965
2025-09-03 03:50:00,99.06404255539267,99.15967155643624,98.98606767991495,98.93563807707235,-1,0,0,0,0,0,-0.1989012686976431
2025-09-03 03:55:00,99.10224465904935,99.20405758952803,98.99398335853344,99.21452228983075,-1,0,0,0,0,0,-1.319023745792297
2025-09-03 04:00:00,99.02807825777262,99.11734467554209,98.95106901463521,99.00080653141701,-1,0,0,0,0,0,-0.16458736323652284
2025-09-03 04:05:00,99.25690279743031,99.37550961713946,99.22251107169636,99.26547520325747,-1,0,1,0,0,0,-1.2588885893537163
2025-09-03 04:10:00,99.18682238452826,99.27033709001148,99.11247849136127,99.08448206675423,-1,0,0,0,0,0,-0.5770248151647975
2025-09-03 04:15:00,99.17749952698405,99.27317996447869,99.09479730762082,99.21959568843396,1,0,0,0,0,0,0.7174132597277318
2025-09-03 04:20:00,99.06063533475992,99.15278883178543,98.97603797829669,99.00852539155451,-1,0,0,0,0,0,-0.6443704417001568
2025-09-03 04:25:00,99.0586784643494,99.13501686357267,98.972201689658,99.06669203538888,-1,0,0,0,0,0,-0.8304132576635226
2025-09-03 04:30:00,98.86235241140606,98.92111953828088,98.74077764960933,98.8396244909772,-1,-1,-1,0,0,0,-0.6409435894106796
2025-09-03 04:35:00,98.73601227760918,98.90457838224086,98.69945365973054,98.89001330174804,-1,0,-1,0,0,0,-0.4508787408258621
2025-09-03 04:40:00,98.79186183011618,98.85378379092204,98.70483381186958,98.95044265412783,1,0,0,0,0,0,0.15161026917748938
2025-09-03 04:45:00,98.65014516091736,98.70351005247254,98.51854797297263,98.65386621453455,-1,0,0,0,0,0,-0.27698010666375017
2025-09-03 04:50:00,98.65689989574389,98.75426028868189,98.64628435562138,98.6620181126534,-1,0,0,0,0,0,-0.7190546054804565
2025-09-03 04:55:00,98.71542469006124,98.80549886667303,98.62823882283004,98.68554925275328,-1,0,0,0,0,0,-0.571197323474498
2025-09-03 05:00:00,98.76403716071964,98.78784549881523,98.70745230079856,98.85251766403987,-1,0,0,0,0,0,-1.0462218129221743
2025-09-03 05:05:00,98.8436338565955,98.96854098677805,98.77846227197443,98.81732026696884,1,0,0,0,0,0,0.30918872035921413
2025-09-03 05:10:00,98.7457880171249,98.82202023411087,98.70198031725347,98.71208103515323,-1,0,0,0,0,0,-0.7762012279103976
2025-09-03 05:15:00,98.74342856170678,98.77899131789815,98.67021059033479,98.82171599079997,-1,0,0,0,0,0,-1.0567280104963603
2025-09-03 05:20:00,98.89820159543416,99.02575296000832,98.74455137085708,98.85513766780883,-1,0,0,0,0,0,-0.5830595921953179
2025-09-03 05:25:00,98.85744946337753,98.96247648624139,98.82802667782462,98.85442906062165,-1,0,1,0,0,0,-0.18615409363146773
2025-09-03 05:30:00,98.6801526007332,98.70957092105527,98.64693700083235,98.55364773821232,1,0,-1,0,0,0,0.96437153967265
2025-09-03 05:35:00,98.64398092663188,98.79506824024219,98.61605830943843,98.70031615424173,-1,0,-1,0,0,0,-0.42213036388400643
2025-09-03 05:40:00,98.67429386674559,98.78064576148023,98.52519713528046,98.82956322188014,-1,0,0,0,0,0,-0.9335026601713018
2025-09-03 05:45:00,98.50029419208622,98.57988634746121,98.43878778030707,98.5579922219102,1,0,-1,0,0,0,0.8843789045025628
2025-09-03 05:50:00,98.64212982858385,98.78573858080871,98.56315539099775,98.75907376198764,-1,0,0,0,0,0,-0.8620724405897222
2025-09-03 05:55:00,98.53034777625552,98.61671968760871,98.46645909389977,98.46265960536134,1,0,0,0,0,0,0.2966312252404016
2025-09-03 06:00:00,98.54800616544588,98.62688284244172,98.505783080582,98.56691210800814,-1,0,0,0,0,0,-0.6438237656318097
2025-09-03 06:05:00,98.72437902218665,98.77796701754578,98.65378504805123,98.6489262282371,-1,0,1,0,0,0,-0.6536309232817941
2025-09-03 06:10:00,98.68094934595551,98.7842233635278,98.50261960172605,98.662728102309,-1,0,0,0,0,0,-0.8577288294288168
2025-09-03 06:15:00,98.73426339583871,98.83332751453167,98.59858055899974,98.79604031402691,1,0,0,0,0,0,0.19041387710154029
2025-09-03 06:20:00,98.55229404711922,98.63288125271481,98.50641155983091,98.56043969616748,-1,0,0,0,0,0,-0.30761849190887747
2025-09-03 06:25:00,98.33854234966378,98.38694289550908,98.23263938554132,98.22553106785568,-1,0,-1,0,0,0,-1.2379432958646959
2025-09-03 06:30:00,98.45354727105547,98.53874446522211,98.40680818196212,98.34834494261246,-1,0,0,0,0,0,-1.15613182493746
2025-09-03 06:35:00,98.3634083386766,98.44061638724612,98.35446304423046,98.25291522415735,-1,0,0,0,0,0,-0.3617655430018516
2025-09-03 06:40:00,98.3953134495953,98.42197447684593,98.27453301288872,98.43462965679048,-1,0,0,0,0,0,-0.9689850854968809
2025-09-03 06:45:00,98.4948649132409,98.51599241918794,98.36846119937516,98.65997647609343,1,0,0,0,0,0,0.6264579109394408
2025-09-03 06:50:00,98.46327773877987,98.56588387393225,98.34143564873796,98.57227439829988,-1,0,0,0,0,0,-0.1595238819554597
2025-09-03 06:55:00,98.50338232891286,98.52745786151493,98.44217693888164,98.35170351298117,-1,0,0,0,0,0,-0.29405905693418705
2025-09-03 07:00:00,98.33925831616503,98.42747473724349,98.26592934552511,98.45294439121061,-1,0,0,0,0,0,-0.6315534444782146
2025-09-03 07:05:00,98.63522510390061,98.69610178159046,98.52523448175428,98.71013713726178,-1,0,0,0,0,0,-0.21764786115840085
2025-09-03 07:10:00,98.48511445932675,98.61744432360194,98.38945461783283,98.36149046368445,-1,0,0,0,0,0,-0.8348635337272083
2025-09-03 07:15:00,98.62337851161149,98.68363978324534,98.55912401046338,98.59912238227466,-1,0,0,0,0,0,-0.49736663824031146
2025-09-03 07:20:00,98.74599845880233,98.85237782737241,98.73076133160706,98.833640251722,1,0,1,1,0,0,0.4170192254549459
2025-09-03 07:25:00,98.64955282278025,98.71367626913074,98.56499781501456,98.69358750365504,-1,0,0,0,0,0,-0.5859182027720771
2025-09-03 07:30:00,98.54456009240812,98.62911001854756,98.42139970683867,98.43983248821708,-1,0,-1,0,0,0,-0.5034489322092899
2025-09-03 07:35:00,98.5809972282073,98.6904706894441,98.54890075976866,98.62985660067099,-1,0,0,0,0,0,-0.6974129857564085
2025-09-03 07:40:00,98.44241823649939,98.50391600784641,98.33686786123235,98.27141818881294,0,0,0,0,0,0,0.010952690015018196
2025-09-03 07:45:00,98.5682022001186,98.68806439549854,98.47494053231325,98.55037642605802,1,0,0,0,0,0,0.3067070821890496
2025-09-03 07:50:00,98.51498117179871,98.55523325671444,98.40497524126941,98.60601771335071,-1,0,0,0,0,0,-0.25201644414982366
2025-09-03 07:55:00,98.48697681865738,98.57876053235972,98.37209779866862,98.48844835590309,0,0,0,0,0,0,0.11803693763285922
2025-09-03 08:00:00,98.45669734470614,98.57360293361765,98.40447595438316,98.41678234070919,-1,0,0,0,1,0,-0.5424097306433114
2025-09-03 08:05:00,98.42462077937553,98.53102227904715,98.40929915538213,98.49576847967732,-1,0,0,0,1,0,-0.5693538465801509
2025-09-03 08:10:00,98.5946012678651,98.75125906293452,98.53594204889242,98.67258141307202,0,0,0,0,1,0,-0.11986651746433752
2025-09-03 08:15:00,98.47029908793033,98.5197615152379,98.35473399522925,98.57510226335968,0,0,0,0,1,0,-0.05015388856962599
2025-09-03 08:20:00,98.51154406169272,98.53637809163877,98.45322421783375,98.58149145596843,1,0,0,0,1,0,0.2466144704019283
2025-09-03 08:25:00,98.61770908214545,98.65793567780565,98.56547081509976,98.70421906566042,-1,0,1,0,1,0,-0.40624766447626165
2025-09-03 08:30:00,98.67514386880762,98.78156157146957,98.66799788248461,98.73377655340262,-1,1,1,0,1,0,-0.1681746081248003
2025-09-03 08:35:00,98.64044184278808,98.74035876015886,98.49033594060604,98.66168413471739,1,0,0,0,1,0,0.23720617873013114
2025-09-03 08:40:00,98.55938690468325,98.64347717106915,98.44635835902623,98.56654762466435,1,0,-1,0,1,0,1.0972966581843302
2025-09-03 08:45:00,98.67036424385225,98.70544596188796,98.55956840460125,98.65138346632446,-1,0,0,0,1,0,-0.7526860786905847
2025-09-03 08:50:00,98.44940799027142,98.56008268200459,98.33069897480024,98.35241852682665,-1,0,0,-1,1,0,-1.3014305916363376
2025-09-03 08:55:00,98.52612858577551,98.55714039466949,98.42306025131377,98.44970366506992,-1,0,-1,0,1,0,-0.6440214269822058
2025-09-03 09:00:00,98.49387306278145,98.62023104607653,98.42364621698863,98.47131190422662,-1,0,0,0,1,0,-0.3685656341975905
2025-09-03 09:05:00,98.52022140049291,98.7145189374185,98.4467719646578,98.53953757326111,-1,0,0,0,1,0,-0.5295667427535494
2025-09-03 09:10:00,98.4581468521046,98.55280489796746,98.3952494266883,98.57341185994494,-1,0,0,0,1,0,-0.470266139488663
2025-09-03 09:15:00,98.41317250104066,98.51649682646698,98.22778287086406,98.40982872281062,1,-1,0,0,1,0,0.35795248403571367
2025-09-03 09:20:00,98.42531178907463,98.4855973983188,98.32307530782265,98.50558989234484,-1,0,0,0,1,0,-0.33725440522275923
2025-09-03 09:25:00,98.46861047965645,98.47620194681298,98.40716249731051,98.55495573217102,-1,0,0,0,1,0,-0.1656181286505234
2025-09-03 09:30:00,98.51885968152655,98.57475090700534,98.42023981055989,98.50034393771145,-1,0,0,0,1,0,-0.42665043363302463
2025-09-03 09:35:00,98.52606584964947,98.56235004000553,98.48650060636372,98.57364106655909,-1,0,1,0,1,0,-0.662420363352154
2025-09-03 09:40:00,98.46040140959153,98.48252122653493,98.32022114084796,98.44091916625354,-1,0,0,0,1,0,-0.6008091754582425
2025-09-03 09:45:00,98.53176887035097,98.6806632680308,98.47821163418325,98.63753974187725,-1,0,0,0,1,0,-0.42061831287191537
2025-09-03 09:50:00,98.56534181472485,98.65625631544587,98.46529839741994,98.61620928178613,-1,0,0,0,1,0,-0.48330455881718415
2025-09-03 09:55:00,98.46044407476259,98.55563157798716,98.33780496957287,98.36520537438753,0,0,0,0,1,0,-0.06390427190838582
2025-09-03 10:00:00,98.48684538744698,98.55448449283912,98.39145464567878,98.49976735961928,0,0,0,0,1,0,0.005357356536980606
2025-09-03 10:05:00,98.60438901398304,98.6774741706853,98.52061021431025,98.73623798692896,0,0,0,0,0,0,0.11437742127977413
2025-09-03 10:10:00,98.46704656706673,98.58562859435631,98.38661448367249,98.45254808430299,0,0,0,0,0,0,0.06183149503920626
2025-09-03 10:15:00,98.55251229791143,98.63121881316363,98.47476994178692,98.58832950031903,-1,0,0,0,0,0,-0.33754186090397126
2025-09-03 10:20:00,98.53220293172166,98.63343068924264,98.47527087127875,98.57587323874078,0,0,0,0,0,0,0.026904365690671228
2025-09-03 10:25:00,98.24018644741622,98.31234627550242,98.178165784607,98.15725661548305,1,0,-1,0,0,0,0.6483777038118581
2025-09-03 10:30:00,98.39378410387022,98.46009798824093,98.25460048892418,98.43464073980729,1,0,-1,0,0,0,0.1763894230676914
2025-09-03 10:35:00,98.68834168687624,98.71206512025216,98.61268315218365,98.57683487471347,-1,0,1,1,0,0,-0.368213173792855
2025-09-03 10:40:00,98.55315348921992,98.55404352672524,98.50458533999523,98.50310356070781,0,0,1,0,0,0,-0.06980182549039407
2025-09-03 10:45:00,98.43892642807099,98.50846395202834,98.37957833194544,98.52498426547052,-1,0,-1,0,0,0,-0.5565641427763228
2025-09-03 10:50:00,98.48231807337525,98.56457794105498,98.35830324614736,98.51085857659993,-1,0,0,0,0,0,-0.1734687866397055
2025-09-03 10:55:00,98.37698280704672,98.40553760557836,98.26995854172014,98.352624582427,-1,0,0,0,0,0,-0.21919231955998594
2025-09-03 11:00:00,98.31071106628445,98.38933207168307,98.20829789915517,98.34642794798407,1,0,0,0,0,0,0.47475299986012426
2025-09-03 11:05:00,98.18689616280494,98.26904626532456,98.11719701076133,98.18208878298454,-1,-1,-1,0,0,0,-1.0077976357542697
2025-09-03 11:10:00,98.24300383276767,98.24924415301004,98.14006933396075,98.24401011295582,-1,0,0,0,0,0,-0.649182935652163
2025-09-03 11:15:00,98.29584983504952,98.33924484867035,98.24159228004756,98.34839531718714,1,0,0,0,0,0,0.6355796370881788
2025-09-03 11:20:00,98.13207699414556,98.22836754989498,98.0624615553994,98.07388757489284,1,0,0,-1,0,0,0.15841173283336016
2025-09-03 11:25:00,98.25786836714703,98.35335071632285,98.13907618765136,98.2610952795914,-1,0,0,0,0,0,-0.26270910559771316
2025-09-03 11:30:00,98.32115680790541,98.35500981124942,98.20618570074865,98.29617535233687,0,0,0,0,0,0,-0.11658587911599788
2025-09-03 11:35:00,98.45796555962728,98.54430348164728,98.41724195346532,98.33111728965926,1,0,1,0,0,0,0.8819861545961418
2025-09-03 11:40:00,98.35138515811204,98.47228144712646,98.30560621622838,98.2777486976121,-1,0,0,0,0,0,-0.3333897859983988
2025-09-03 11:45:00,98.36366676261771,98.47474968097735,98.27931867650517,98.48912327838282,-1,0,0,0,0,0,-0.6504531080496717
2025-09-03 11:50:00,98.33809082741821,98.41427939593765,98.18904553243144,98.36886869258504,0,0,0,0,0,0,-0.0975415210395503
2025-09-03 11:55:00,98.2753774722241,98.33665841969112,98.27200007880285,98.16949040811198,0,0,0,0,0,0,0.0511216603412117
2025-09-03 12:00:00,98.27475143402641,98.32957765465304,98.1836181164436,98.15152308395854,-1,0,0,0,0,0,-0.135813401377323
2025-09-03 12:05:00,98.20803485299601,98.3067476443124,98.18307658625893,98.19906174098716,-1,0,0,0,0,0,-0.3591604428506995
2025-09-03 12:10:00,98.25531620627969,98.34312036520541,98.2006894460207,98.38021112893381,-1,0,0,0,0,0,-0.37040354800725706
2025-09-03 12:15:00,98.34093080954196,98.44610696978604,98.27550794626453,98.3259901587576,-1,0,0,0,0,0,-0.47715921808412964
2025-09-03 12:20:00,98.47200524786811,98.55728020039295,98.40882558160558,98.57656521214044,1,0,1,1,0,0,0.20803297462042955
2025-09-03 12:25:00,98.24632458673237,98.35907514474627,98.18767642431874,98.27447904839786,1,0,0,0,0,0,0.8688250525810066
2025-09-03 12:30:00,98.36904035037486,98.45282405169317,98.2887520679598,98.40674038700253,1,0,0,0,0,0,0.5454318369128929
2025-09-03 12:35:00,98.40514594271875,98.51653349136402,98.34655616538397,98.29828830197438,-1,0,0,0,0,0,-0.20323020526697844
2025-09-03 12:40:00,98.31236703507987,98.42719994589454,98.29086533047403,98.38736886881985,-1,0,0,0,0,0,-0.33007049791479687
2025-09-03 12:45:00,98.29558200327668,98.34340093806769,98.18438721877577,98.26878744029479,1,0,-1,-1,0,0,1.0889859097099306
2025-09-03 12:50:00,98.40685854909024,98.41453278721542,98.2967436624043,98.47590594537911,0,0,0,0,0,0,0.0655238272717461
2025-09-03 12:55:00,98.4178777250904,98.55961743933099,98.3041507526895,98.35274412653152,0,0,0,1,0,0,0.033247557737473205
2025-09-03 13:00:00,98.22057833086792,98.31084468009641,98.20220771071848,98.23474227866872,-1,0,0,0,0,0,-0.8879474448016007
2025-09-03 13:05:00,97.99848296603275,98.00990353021291,97.90652623992939,98.02664320234777,1,0,-1,0,0,0,1.4023466530581281
2025-09-03 13:10:00,98.02011956382883,98.07156678394009,97.91308040959655,98.00779689850276,-1,0,-1,0,0,0,-0.25998601281808503
2025-09-03 13:15:00,97.97804854275304,98.08892351444784,97.93929662549063,98.01041215819994,0,0,0,0,0,0,-0.12512772955754597
2025-09-03 13:20:00,97.87520923157224,97.94402215832693,97.79484230164496,97.85389746555684,-1,0,0,0,0,0,-0.7282291809272191
2025-09-03 13:25:00,97.78186015654882,97.84137769977605,97.70651082236122,97.72993537630552,-1,0,-1,0,0,0,-0.6552937016342728
2025-09-03 13:30:00,97.663176842894,97.79921211730652,97.50949081655128,97.79161551351753,0,0,0,0,0,0,-0.1172158132757673
2025-09-03 13:35:00,97.58006355464212,97.61817206878678,97.42308371316162,97.66397978395104,1,0,-1,0,0,0,0.38794477492597484
2025-09-03 13:40:00,97.58471896162854,97.63279282731834,97.57129321736174,97.52384978202468,-1,0,0,0,0,0,-0.1709263960252807
2025-09-03 13:45:00,97.25178375792713,97.34023921692906,97.072026677698,97.2972593023747,1,0,-1,-1,0,0,0.7765729518290114
2025-09-03 13:50:00,97.32902386643185,97.424642063714,97.28563289527798,97.26960955805576,1,0,-1,0,0,0,0.6293366393786561
2025-09-03 13:55:00,97.45073287815866,97.5505865995323,97.33150594638556,97.35595810666568,1,0,0,0,0,0,0.6674709150102318
2025-09-03 14:00:00,97.26583691018804,97.3822864319708,97.14701699095349,97.34854166549997,-1,0,0,0,0,0,-0.46764248094924454
2025-09-03 14:05:00,97.17239821249943,97.2603413573267,97.1322258215731,97.03607024244764,1,0,-1,0,0,0,0.6048974038745962
2025-09-03 14:10:00,97.12786296738881,97.22743832494635,97.02813225563524,97.20201144047493,1,0,0,0,0,0,0.6668996895726131
2025-09-03 14:15:00,97.3386114524677,97.4082430820951,97.26291280223835,97.31839366746186,1,0,1,0,0,0,1.0468319900245486
2025-09-03 14:20:00,97.50363606595184,97.58614399808131,97.40146286576655,97.4867123377054,0,0,1,0,0,0,-0.10894974406423485
2025-09-03 14:25:00,97.4967841335735,97.58108550077564,97.40755724147827,97.52956423114337,1,0,0,0,0,0,0.2631739236257309
2025-09-03 14:30:00,97.56450919113603,97.65311311656879,97.43665561172122,97.61100509609557,0,0,0,0,1,0,0.08368224655364875
2025-09-03 14:35:00,97.440290723518,97.55119231582131,97.35727474179217,97.37418326937168,1,0,0,0,1,0,0.5302412935439785
2025-09-03 14:40:00,97.64404133353385,97.74624716081165,97.5707562963109,97.70145938223385,1,0,0,0,1,0,0.41794488667746116
2025-09-03 14:45:00,97.62441322143526,97.70618190155128,97.50057065211297,97.63348286447727,1,0,0,0,1,0,0.7402670196294113
2025-09-03 14:50:00,97.74952297786749,97.79715793846984,97.64630713927315,97.64903859443804,1,0,0,0,1,0,0.41805631972093305
2025-09-03 14:55:00,97.67772187463662,97.76042872495913,97.56844933886379,97.66413191595024,1,0,0,0,1,0,1.123413814429178
2025-09-03 15:00:00,97.62522537117412,97.7041046597783,97.57180883806447,97.73572769241883,1,0,0,0,1,0,0.733840725232412
2025-09-03 15:05:00,97.63737111252722,97.72509837571975,97.59918162378315,97.77149869638687,1,0,0,0,1,0,0.7240220266447275
2025-09-03 15:10:00,97.69160917606682,97.85987018835243,97.63431806179693,97.74899705267552,0,1,0,0,1,0,-0.051087421307727976
2025-09-03 15:15:00,97.85914886752656,97.9181979563849,97.80398172295378,97.7639213884731,1,0,1,1,1,1,0.980567846327707
2025-09-03 15:20:00,97.77896770688378,97.87585926764879,97.66751973613766,97.81821625908024,1,0,0,0,1,0,0.23526407887063616
2025-09-03 15:25:00,97.76214342728673,97.8848819099765,97.64310406527497,97.83021229959546,1,0,0,0,1,0,0.5255044969945698
2025-09-03 15:30:00,97.7473266556089,97.83124673217287,97.67353186719019,97.80538329427439,1,0,0,0,1,0,0.33806242594450436
2025-09-03 15:35:00,97.85638099531806,98.02989480008495,97.71914423456509,97.91917733841309,-1,0,0,0,1,0,-0.5708243988679025
2025-09-03 15:40:00,97.76372493265808,97.82860336098882,97.62898615690747,97.79278597899788,1,0,0,0,1,0,1.216663808570654
2025-09-03 15:45:00,97.68282694326928,97.77579051216208,97.59309098661325,97.67703395616283,1,0,0,0,1,0,0.7916548242444885
2025-09-03 15:50:00,97.6091481694835,97.65719593968778,97.56202384034522,97.56047876981118,1,0,0,0,1,0,0.4236775017320722
2025-09-03 15:55:00,97.4243433060605,97.49028231665477,97.28132824008308,97.27250846458038,-1,0,-1,0,1,0,-0.2567917777358749
2025-09-03 16:00:00,97.35160406288831,97.44156141930418,97.27404475692946,97.37877540422538,0,0,-1,0,1,0,-0.042452068795336084
2025-09-03 16:05:00,97.19954608324899,97.3133982457413,97.11449947539175,97.21443031074116,1,0,0,0,1,0,0.5351456805028831
2025-09-03 16:10:00,97.1135617552813,97.20632554864224,97.04714595630556,97.15816782270728,1,0,-1,0,1,0,0.34048173854685426
2025-09-03 16:15:00,97.05377956290668,97.18414415688007,97.00937117595858,96.94677606744325,-1,0,0,-1,1,0,-0.9475525026682485
2025-09-03 16:20:00,97.16101254499763,97.23721393257392,97.13975812221024,97.21261388014284,1,0,0,0,1,0,0.9198807160993092
2025-09-03 16:25:00,97.14578831783668,97.21250157664312,97.04047358489439,97.31015192540634,1,0,0,0,1,0,0.46450723225849927
2025-09-03 16:30:00,97.0822626122352,97.27042201652637,97.03359865439106,97.08853862269743,0,0,0,0,1,0,-0.07362217032470414
2025-09-03 16:35:00,97.13730008853427,97.23306959451196,96.9349188393744,97.13236686299776,1,-1,0,0,1,0,0.36229313946475017
2025-09-03 16:40:00,97.1920374098339,97.24325814799477,97.1554803531384,97.21675759832075,1,0,0,0,1,0,0.5783257468085953
2025-09-03 16:45:00,97.05120089201013,97.10343034152021,97.02149619100939,97.21378785398696,1,0,0,0,1,0,0.3927009081247528
2025-09-03 16:50:00,97.05888656153276,97.1011793649515,96.95848101290822,96.97699474059677,-1,0,-1,0,1,0,-0.7207435894757661
2025-09-03 16:55:00,97.13204678886277,97.24950956309704,96.99087424970408,97.14830334353428,-1,0,0,0,1,0,-0.15702361570448414
2025-09-03 17:00:00,97.10952301497946,97.17494792326373,97.02693942870172,97.04555042119564,0,0,0,0,1,0,0.03935816902247749
2025-09-03 17:05:00,97.19221749700625,97.27731199603251,97.08932780019876,97.14845711933866,1,0,0,0,0,0,0.372785135688094
2025-09-03 17:10:00,97.15384831371253,97.231307966735,97.14759021041088,97.14988108908197,1,0,0,0,0,0,0.9923299278138128
2025-09-03 17:15:00,97.20530330164883,97.31456299796646,97.1524037634765,97.31308916097791,0,0,0,1,0,0,-0.12646174684444011
2025-09-03 17:20:00,97.11936277265482,97.16549300893946,97.08230740182033,97.26344202070992,1,0,0,0,0,0,0.305825411852791
2025-09-03 17:25:00,97.09461420321126,97.13159131176555,97.09041603720918,97.1304655747814,1,0,-1,0,0,0,0.1611583723385121
2025-09-03 17:30:00,97.18224432929932,97.27121622158658,97.09756511993837,97.15211675145744,-1,0,0,0,0,0,-0.20466523800110986
2025-09-03 17:35:00,97.05992760544086,97.16396597682886,97.05021450057644,97.25934671477194,1,0,0,0,0,0,0.6575771238218955
2025-09-03 17:40:00,96.90121677503687,96.99451806756078,96.87410461368037,96.86701241653051,1,0,-1,0,0,0,0.8688361982373224
2025-09-03 17:45:00,96.85960320171917,96.90722505255528,96.8010909534797,96.81391232857038,1,0,-1,0,0,0,0.5963840135065532
2025-09-03 17:50:00,96.92560242058552,97.03270181426917,96.87885385402356,96.78360697701922,1,0,0,0,0,0,0.32712446138042606
2025-09-03 17:55:00,96.95750490232503,97.0077504652412,96.86164856223674,97.0691922278646,1,0,0,0,0,0,1.292132737320641
